id,examResultId,questionId,createdAt
01KCXK1Q2TH70F3N3107YZX7EX,01KCXK1Q2TMR3KKHYQBGZ9TP1A,01KCXGG0SP0001H0Q1FW1GGQJ0,2025-12-01T09:00:00Z
01KCXK1Q2VY9FJC4TZ2494BEFJ,01KCXK1Q2TMR3KKHYQBGZ9TP1A,01KCXGG0SP0001H0Q1FW1GK6N8,2025-12-01T09:00:00Z
01KCXK1Q2WX6Y4X1J25Q7ZJVD8,01KCXK1Q2TMR3KKHYQBGZ9TP1A,01KCXGG0SP0001H0Q1FW1GNA1G,2025-12-01T09:00:00Z
01KCXK1Q2XD8TV1MB3ZVVKQK61,01KCXK1Q2TMR3KKHYQBGZ9TP1A,01KCXGG0SP0001H0Q1FW1GQ9GR,2025-12-01T09:00:00Z
01KCXK1Q2Y6MEVKPYB3B1KY9DC,01KCXK1Q2TMR3KKHYQBGZ9TP1A,01KCXGG0SP0001H0Q1FW1GS71G,2025-12-01T09:00:00Z
01KCXK1Q2YY71FV3CMKD0HE6DG,01KCXK1Q2TMR3KKHYQBGZ9TP1A,01KCXGG0SP0001H0Q1FW1GV4J8,2025-12-01T09:00:00Z
01KCXK1Q2ZVHCY9EB6387YX7PZ,01KCXK1Q2TMR3KKHYQBGZ9TP1A,01KCXGG0SQ0001H0Q1FW1GX13R,2025-12-01T09:00:00Z
01KCXK1Q2Z4XDPHXSXTQZJPEXK,01KCXK1Q2TMR3KKHYQBGZ9TP1A,01KCXGG0SQ0001H0Q1FW1GZTYR,2025-12-01T09:00:00Z
01KCXK1Q30Z56VMNKBAXGHXE24,01KCXK1Q2TMR3KKHYQBGZ9TP1A,01KCXGG0SQ0001H0Q1FW1H1SER,2025-12-01T09:00:00Z
01KCXK1Q30PQ5XKCSBDVPQ5G8J,01KCXK1Q2TMR3KKHYQBGZ9TP1A,01KCXGG0SQ0001H0Q1FW1H797R,2025-12-01T09:00:00Z
01KCXK1Q31SKY0041PZ0MWYFGF,01KCXK1Q2TMR3KKHYQBGZ9TP1A,01KCXGG0SQ0001H0Q1FW1HBD2G,2025-12-01T09:00:00Z
01KCXK1Q3249CBCKF47YP2WR5E,01KCXK1Q2TMR3KKHYQBGZ9TP1A,01KCXGG0SQ0001H0Q1FW1HE7WR,2025-12-01T09:00:00Z
01KCXK1Q332KFY3XHECC3BQ99Y,01KCXK1Q2TMR3KKHYQBGZ9TP1A,01KCXGG0SQ0001H0Q1FW1HGM28,2025-12-01T09:00:00Z
01KCXK1Q337HXTGT46HRSBRR7A,01KCXK1Q2TMR3KKHYQBGZ9TP1A,01KCXGG0SQ0001H0Q1FW1HK07R,2025-12-01T09:00:00Z
01KCXK1Q346XK6RPT742G74ARZ,01KCXK1Q2TMR3KKHYQBGZ9TP1A,01KCXGG0SQ0001H0Q1FW1HMYQR,2025-12-01T09:00:00Z
01KCXK1Q3490RTGPW8C3NWM347,01KCXK1Q2TMR3KKHYQBGZ9TP1A,01KCXGG0SQ0001H0Q1FW1HPV98,2025-12-01T09:00:00Z
01KCXK1Q35QTDSVEQX10S6P5Q7,01KCXK1Q2TMR3KKHYQBGZ9TP1A,01KCXGG0SR0001H0Q1FW1HWC1G,2025-12-01T09:00:00Z
01KCXK1Q36JGZ6DR4V4HDG6MQH,01KCXK1Q2TMR3KKHYQBGZ9TP1A,01KCXGG0SR0001H0Q1FW1HYAHG,2025-12-01T09:00:00Z
01KCXK1Q36FHBNFQ7MRQT15C18,01KCXK1Q2TMR3KKHYQBGZ9TP1A,01KCXGG0SR0001H0Q1FW1J0TM0,2025-12-01T09:00:00Z
01KCXK1Q36A7GC9XRKKQCQTG69,01KCXK1Q2TMR3KKHYQBGZ9TP1A,01KCXGG0SR0001H0Q1FW1J2Q5G,2025-12-01T09:00:00Z
01KCXK1Q374YCG8W3XXR2NK4JD,01KCXK1Q2TMR3KKHYQBGZ9TP1A,01KCXGG0T60001H0Q1FW203EHG,2025-12-01T09:00:00Z
01KCXK1Q38PCHJ8ZPRSYSKDZXC,01KCXK1Q2TMR3KKHYQBGZ9TP1A,01KCXGG0T70001H0Q1FW20B3N8,2025-12-01T09:00:00Z
01KCXK1Q39XYHCNV54KGTNAJCC,01KCXK1Q2TMR3KKHYQBGZ9TP1A,01KCXGG0T70001H0Q1FW20F1MG,2025-12-01T09:00:00Z
01KCXK1Q39CW8CQZEH9WQ4P7W6,01KCXK1Q2TMR3KKHYQBGZ9TP1A,01KCXGG0T70001H0Q1FW20JA48,2025-12-01T09:00:00Z
01KCXK1Q3AFMTV82ZM4N75CK38,01KCXK1Q2TMR3KKHYQBGZ9TP1A,01KCXGG0T70001H0Q1FW20NDQR,2025-12-01T09:00:00Z
01KCXK1Q3BHMENPPCQ60PZBWNT,01KCXK1Q2TMR3KKHYQBGZ9TP1A,01KCXGG0T70001H0Q1FW20SSCG,2025-12-01T09:00:00Z
01KCXK1Q3B6C07S5HBAVKGY2T1,01KCXK1Q2TMR3KKHYQBGZ9TP1A,01KCXGG0T70001H0Q1FW20XX78,2025-12-01T09:00:00Z
01KCXK1Q3C1Z49E8CY179D988K,01KCXK1Q2TMR3KKHYQBGZ9TP1A,01KCXGG0T70001H0Q1FW210R1G,2025-12-01T09:00:00Z
01KCXK1Q3CB3G8KNNF4VY1NK8Z,01KCXK1Q2TMR3KKHYQBGZ9TP1A,01KCXGG0T70001H0Q1FW212NJ8,2025-12-01T09:00:00Z
01KCXK1Q3DVW6MZ4V4ZGSW1G8T,01KCXK1Q2TMR3KKHYQBGZ9TP1A,01KCXGG0T80001H0Q1FW214F60,2025-12-01T09:00:00Z
01KCXK1Q3DX9FC4QDWMDAT8V5E,01KCXK1Q2TMR3KKHYQBGZ9TP1A,01KCXGG0T80001H0Q1FW2166V8,2025-12-01T09:00:00Z
01KCXK1Q3EZRFNVQ3Z96F2MVV6,01KCXK1Q2TMR3KKHYQBGZ9TP1A,01KCXGG0T80001H0Q1FW217YGG,2025-12-01T09:00:00Z
01KCXK1Q3E9SM8ZNGZBAXE43T6,01KCXK1Q2TMR3KKHYQBGZ9TP1A,01KCXGG0T80001H0Q1FW219P5R,2025-12-01T09:00:00Z
01KCXK1Q3F1CJJ34JRVB7GBR0K,01KCXK1Q2TMR3KKHYQBGZ9TP1A,01KCXGG0T80001H0Q1FW21BCVR,2025-12-01T09:00:00Z
01KCXK1Q3FAYHW12MKMHTFRKPQ,01KCXK1Q2TMR3KKHYQBGZ9TP1A,01KCXGG0T80001H0Q1FW21D2JG,2025-12-01T09:00:00Z
01KCXK1Q3GJ00F6QSNDWZZZ6YE,01KCXK1Q2TMR3KKHYQBGZ9TP1A,01KCXGG0T80001H0Q1FW21ES8G,2025-12-01T09:00:00Z
01KCXK1Q3GJMQRA5HZ2QRTPJ1G,01KCXK1Q2TMR3KKHYQBGZ9TP1A,01KCXGG0T80001H0Q1FW21GKVG,2025-12-01T09:00:00Z
01KCXK1Q3HP2TA5AV4NJT1HRXB,01KCXK1Q2TMR3KKHYQBGZ9TP1A,01KCXGG0T80001H0Q1FW21JAHG,2025-12-01T09:00:00Z
01KCXK1Q3H88V036TBXF7Y0PRR,01KCXK1Q2TMR3KKHYQBGZ9TP1A,01KCXGG0T80001H0Q1FW21M088,2025-12-01T09:00:00Z
01KCXK1Q3J4CN0RR543DVSMQC3,01KCXK1Q2TMR3KKHYQBGZ9TP1A,01KCXGG0T80001H0Q1FW21NMZR,2025-12-01T09:00:00Z
01KCXK1Q3K2TGSRTHS7SAWNKTA,01KCXK1Q2TMR3KKHYQBGZ9TP1A,01KCXGG0T80001H0Q1FW21QBNR,2025-12-01T09:00:00Z
01KCXK1Q3KFTFNY2YQ9DYMMYF2,01KCXK1Q2TMR3KKHYQBGZ9TP1A,01KCXGG0T80001H0Q1FW21S0D8,2025-12-01T09:00:00Z
01KCXK1Q3MT4KV9AAHFH61JVHD,01KCXK1Q2TMR3KKHYQBGZ9TP1A,01KCXGG0T80001H0Q1FW21TQ38,2025-12-01T09:00:00Z
01KCXK1Q3MWC1G2TP6T21CB851,01KCXK1Q2TMR3KKHYQBGZ9TP1A,01KCXGG0T80001H0Q1FW21WMM0,2025-12-01T09:00:00Z
01KCXK1Q3NK8CS7EM4RASPM5XW,01KCXK1Q2TMR3KKHYQBGZ9TP1A,01KCXGG0T80001H0Q1FW21YBA0,2025-12-01T09:00:00Z
01KCXK1Q3NADCV7WWS7VQ41M0M,01KCXK1Q2TMR3KKHYQBGZ9TP1A,01KCXGG0T80001H0Q1FW2204XR,2025-12-01T09:00:00Z
01KCXK1Q3NNAG001913K42Z5B0,01KCXK1Q2TMR3KKHYQBGZ9TP1A,01KCXGG0T90001H0Q1FW221TMG,2025-12-01T09:00:00Z
01KCXK1Q3P7W0GEGHSR1SB5272,01KCXK1Q2TMR3KKHYQBGZ9TP1A,01KCXGG0T90001H0Q1FW223HAG,2025-12-01T09:00:00Z
01KCXK1Q3PXY0D3M2XBAS5FRW5,01KCXK1Q2TMR3KKHYQBGZ9TP1A,01KCXGG0T90001H0Q1FW225AY8,2025-12-01T09:00:00Z
01KCXK1Q3QHXAM1S4PT8MJQCKC,01KCXK1Q2TMR3KKHYQBGZ9TP1A,01KCXGG0T90001H0Q1FW2275H8,2025-12-01T09:00:00Z
01KCXK1Q3R8MFTANV89525AFNZ,01KCXK1Q3RTVTAR09SZ6G9Z1JD,01KCXGG0SS0001H0Q1FW1K50TG,2025-12-01T10:51:00Z
01KCXK1Q3SN7KN5N6T3PP0EC4G,01KCXK1Q3RTVTAR09SZ6G9Z1JD,01KCXGG0SS0001H0Q1FW1K746R,2025-12-01T10:51:00Z
01KCXK1Q3S7TQFJYPZKGD0M5M9,01KCXK1Q3RTVTAR09SZ6G9Z1JD,01KCXGG0SS0001H0Q1FW1K93P0,2025-12-01T10:51:00Z
01KCXK1Q3S5WFM2EN1GAKJ587K,01KCXK1Q3RTVTAR09SZ6G9Z1JD,01KCXGG0SS0001H0Q1FW1KAZ88,2025-12-01T10:51:00Z
01KCXK1Q3T6YVA6AM2CD5BSXKC,01KCXK1Q3RTVTAR09SZ6G9Z1JD,01KCXGG0SS0001H0Q1FW1KCSV8,2025-12-01T10:51:00Z
01KCXK1Q3VBTA9306V4V1CXT38,01KCXK1Q3RTVTAR09SZ6G9Z1JD,01KCXGG0SS0001H0Q1FW1KEME8,2025-12-01T10:51:00Z
01KCXK1Q3WZQRSGEG4A19Y0EA4,01KCXK1Q3RTVTAR09SZ6G9Z1JD,01KCXGG0SS0001H0Q1FW1KH5G0,2025-12-01T10:51:00Z
01KCXK1Q3WFK7BYTHYRP52W2Q9,01KCXK1Q3RTVTAR09SZ6G9Z1JD,01KCXGG0SS0001H0Q1FW1KJY4G,2025-12-01T10:51:00Z
01KCXK1Q3X6CWJ4B9XBCR0F39T,01KCXK1Q3RTVTAR09SZ6G9Z1JD,01KCXGG0SS0001H0Q1FW1KMQR8,2025-12-01T10:51:00Z
01KCXK1Q3YDV81DNSFMQ7FV8W2,01KCXK1Q3RTVTAR09SZ6G9Z1JD,01KCXGG0SS0001H0Q1FW1KPHC0,2025-12-01T10:51:00Z
01KCXK1Q3YWKSZH6J431WQZE2P,01KCXK1Q3RTVTAR09SZ6G9Z1JD,01KCXGG0ST0001H0Q1FW1KR918,2025-12-01T10:51:00Z
01KCXK1Q3Z7461K0EJYWPZRVVD,01KCXK1Q3RTVTAR09SZ6G9Z1JD,01KCXGG0ST0001H0Q1FW1KT1NR,2025-12-01T10:51:00Z
01KCXK1Q3ZSTQ3S0ZXZ3QZZFGB,01KCXK1Q3RTVTAR09SZ6G9Z1JD,01KCXGG0ST0001H0Q1FW1KVTA8,2025-12-01T10:51:00Z
01KCXK1Q402J1GNEA56VA1PGK9,01KCXK1Q3RTVTAR09SZ6G9Z1JD,01KCXGG0ST0001H0Q1FW1M04ZR,2025-12-01T10:51:00Z
01KCXK1Q41CTKVVGM3ED6ZJ0W2,01KCXK1Q3RTVTAR09SZ6G9Z1JD,01KCXGG0ST0001H0Q1FW1M6TVG,2025-12-01T10:51:00Z
01KCXK1Q41QDMJ51G0T8EG4NXA,01KCXK1Q3RTVTAR09SZ6G9Z1JD,01KCXGG0ST0001H0Q1FW1MCAMG,2025-12-01T10:51:00Z
01KCXK1Q42ZN795PEEAQAAK2FX,01KCXK1Q3RTVTAR09SZ6G9Z1JD,01KCXGG0ST0001H0Q1FW1MGY38,2025-12-01T10:51:00Z
01KCXK1Q437F9B01F0GG1QZ94E,01KCXK1Q3RTVTAR09SZ6G9Z1JD,01KCXGG0ST0001H0Q1FW1MK7B0,2025-12-01T10:51:00Z
01KCXK1Q44VWFTKTCJ1JFDB6PC,01KCXK1Q3RTVTAR09SZ6G9Z1JD,01KCXGG0ST0001H0Q1FW1MN0YR,2025-12-01T10:51:00Z
01KCXK1Q46T5968X7892DFY6JP,01KCXK1Q3RTVTAR09SZ6G9Z1JD,01KCXGG0SV0001H0Q1FW1MPTJG,2025-12-01T10:51:00Z
01KCXK1Q47WWBW2Z1WRCYSD7J1,01KCXK1Q47CFBRRVQ7A518TW0H,01KCXGG0SS0001H0Q1FW1K50TG,2025-12-01T11:31:00Z
01KCXK1Q48MZE6JNYDAKY3NCF3,01KCXK1Q47CFBRRVQ7A518TW0H,01KCXGG0SS0001H0Q1FW1K746R,2025-12-01T11:31:00Z
01KCXK1Q49MTDQ138V4N3YYYWB,01KCXK1Q47CFBRRVQ7A518TW0H,01KCXGG0SS0001H0Q1FW1K93P0,2025-12-01T11:31:00Z
01KCXK1Q497DXAFN0J4EY7AP9X,01KCXK1Q47CFBRRVQ7A518TW0H,01KCXGG0SS0001H0Q1FW1KAZ88,2025-12-01T11:31:00Z
01KCXK1Q4A7Y2FAC231FCNFM0H,01KCXK1Q47CFBRRVQ7A518TW0H,01KCXGG0SS0001H0Q1FW1KCSV8,2025-12-01T11:31:00Z
01KCXK1Q4BGV5JN839SK1QQ51M,01KCXK1Q47CFBRRVQ7A518TW0H,01KCXGG0SS0001H0Q1FW1KEME8,2025-12-01T11:31:00Z
01KCXK1Q4B1J7PECKR6T3JT84J,01KCXK1Q47CFBRRVQ7A518TW0H,01KCXGG0SS0001H0Q1FW1KH5G0,2025-12-01T11:31:00Z
01KCXK1Q4CAKHVS6HJKFBVRF6V,01KCXK1Q47CFBRRVQ7A518TW0H,01KCXGG0SS0001H0Q1FW1KJY4G,2025-12-01T11:31:00Z
01KCXK1Q4D9BD0PM9CKE9G2G12,01KCXK1Q47CFBRRVQ7A518TW0H,01KCXGG0SS0001H0Q1FW1KMQR8,2025-12-01T11:31:00Z
01KCXK1Q4EEEBCHP7ACXZSD1NQ,01KCXK1Q47CFBRRVQ7A518TW0H,01KCXGG0SS0001H0Q1FW1KPHC0,2025-12-01T11:31:00Z
01KCXK1Q4FKVTYQDBXCB9BZG1D,01KCXK1Q47CFBRRVQ7A518TW0H,01KCXGG0ST0001H0Q1FW1KR918,2025-12-01T11:31:00Z
01KCXK1Q4F80GD9N4BMVM2109R,01KCXK1Q47CFBRRVQ7A518TW0H,01KCXGG0ST0001H0Q1FW1KT1NR,2025-12-01T11:31:00Z
01KCXK1Q4GVCWAN8XZ9MBJWVXQ,01KCXK1Q47CFBRRVQ7A518TW0H,01KCXGG0ST0001H0Q1FW1KVTA8,2025-12-01T11:31:00Z
01KCXK1Q4HQXDVQY7SREH8ZD80,01KCXK1Q47CFBRRVQ7A518TW0H,01KCXGG0ST0001H0Q1FW1M04ZR,2025-12-01T11:31:00Z
01KCXK1Q4J79V897EBZBCGJZT2,01KCXK1Q47CFBRRVQ7A518TW0H,01KCXGG0ST0001H0Q1FW1M6TVG,2025-12-01T11:31:00Z
01KCXK1Q4K22FS0V5SGQ7VNH1J,01KCXK1Q47CFBRRVQ7A518TW0H,01KCXGG0ST0001H0Q1FW1MCAMG,2025-12-01T11:31:00Z
01KCXK1Q4K8QJ60Y8SY0PC8R41,01KCXK1Q47CFBRRVQ7A518TW0H,01KCXGG0ST0001H0Q1FW1MGY38,2025-12-01T11:31:00Z
01KCXK1Q4KTYYCQXATRPJ3Q8NC,01KCXK1Q47CFBRRVQ7A518TW0H,01KCXGG0ST0001H0Q1FW1MK7B0,2025-12-01T11:31:00Z
01KCXK1Q4MDCBTKEVBHR44HZNE,01KCXK1Q47CFBRRVQ7A518TW0H,01KCXGG0ST0001H0Q1FW1MN0YR,2025-12-01T11:31:00Z
01KCXK1Q4MYFR0P08XWTA3TR9W,01KCXK1Q47CFBRRVQ7A518TW0H,01KCXGG0SV0001H0Q1FW1MPTJG,2025-12-01T11:31:00Z
01KCXK1Q4NRJEXTMFPFF8PP2BS,01KCXK1Q4N3VWVXEEYRXMJ6GP8,01KCXGG0SS0001H0Q1FW1K50TG,2025-12-01T13:33:00Z
01KCXK1Q4P8PC1X79AF878458C,01KCXK1Q4N3VWVXEEYRXMJ6GP8,01KCXGG0SS0001H0Q1FW1K746R,2025-12-01T13:33:00Z
01KCXK1Q4PAGSMRQA0PT1H944X,01KCXK1Q4N3VWVXEEYRXMJ6GP8,01KCXGG0SS0001H0Q1FW1K93P0,2025-12-01T13:33:00Z
01KCXK1Q4P92QDVXKT7VHHG68K,01KCXK1Q4N3VWVXEEYRXMJ6GP8,01KCXGG0SS0001H0Q1FW1KAZ88,2025-12-01T13:33:00Z
01KCXK1Q4QPHD00762DT8KBNKR,01KCXK1Q4N3VWVXEEYRXMJ6GP8,01KCXGG0SS0001H0Q1FW1KCSV8,2025-12-01T13:33:00Z
01KCXK1Q4QTD2JZQC28H9PF15S,01KCXK1Q4N3VWVXEEYRXMJ6GP8,01KCXGG0SS0001H0Q1FW1KEME8,2025-12-01T13:33:00Z
01KCXK1Q4RMH8YZ78NNECS7EW8,01KCXK1Q4N3VWVXEEYRXMJ6GP8,01KCXGG0SS0001H0Q1FW1KH5G0,2025-12-01T13:33:00Z
01KCXK1Q4RB56D40S56DEX9HAS,01KCXK1Q4N3VWVXEEYRXMJ6GP8,01KCXGG0SS0001H0Q1FW1KJY4G,2025-12-01T13:33:00Z
01KCXK1Q4RH7B98WMPGWE1M2BA,01KCXK1Q4N3VWVXEEYRXMJ6GP8,01KCXGG0SS0001H0Q1FW1KMQR8,2025-12-01T13:33:00Z
01KCXK1Q4ST6EMS7DQJRE92BX6,01KCXK1Q4N3VWVXEEYRXMJ6GP8,01KCXGG0SS0001H0Q1FW1KPHC0,2025-12-01T13:33:00Z
01KCXK1Q4SVCQMSJZP81Z7HVHE,01KCXK1Q4N3VWVXEEYRXMJ6GP8,01KCXGG0ST0001H0Q1FW1KR918,2025-12-01T13:33:00Z
01KCXK1Q4T80BVG6BMAV5Q4B86,01KCXK1Q4N3VWVXEEYRXMJ6GP8,01KCXGG0ST0001H0Q1FW1KT1NR,2025-12-01T13:33:00Z
01KCXK1Q4TFPWTV1Z3WP1XF6JH,01KCXK1Q4N3VWVXEEYRXMJ6GP8,01KCXGG0ST0001H0Q1FW1KVTA8,2025-12-01T13:33:00Z
01KCXK1Q4T5QPQ8MFPSDKS7E5S,01KCXK1Q4N3VWVXEEYRXMJ6GP8,01KCXGG0ST0001H0Q1FW1M04ZR,2025-12-01T13:33:00Z
01KCXK1Q4VMA5WDJYEP73AS8FZ,01KCXK1Q4N3VWVXEEYRXMJ6GP8,01KCXGG0ST0001H0Q1FW1M6TVG,2025-12-01T13:33:00Z
01KCXK1Q4WT3TZEQ40AHRQ7AXW,01KCXK1Q4N3VWVXEEYRXMJ6GP8,01KCXGG0ST0001H0Q1FW1MCAMG,2025-12-01T13:33:00Z
01KCXK1Q4W56DJJQT9Q5BREEND,01KCXK1Q4N3VWVXEEYRXMJ6GP8,01KCXGG0ST0001H0Q1FW1MGY38,2025-12-01T13:33:00Z
01KCXK1Q4XV3ZD330WK2RGPVJC,01KCXK1Q4N3VWVXEEYRXMJ6GP8,01KCXGG0ST0001H0Q1FW1MK7B0,2025-12-01T13:33:00Z
01KCXK1Q4XEB2TB03B8Q3KKKRS,01KCXK1Q4N3VWVXEEYRXMJ6GP8,01KCXGG0ST0001H0Q1FW1MN0YR,2025-12-01T13:33:00Z
01KCXK1Q4XCCV0S0NT84BCG7NB,01KCXK1Q4N3VWVXEEYRXMJ6GP8,01KCXGG0SV0001H0Q1FW1MPTJG,2025-12-01T13:33:00Z
01KCXK1Q4YW0TSZ7S7YW29KJHY,01KCXK1Q4YWYSVKFEH8NP6AQH9,01KCXGG0SW0001H0Q1FW1P8DFR,2025-12-01T14:21:00Z
01KCXK1Q4ZC212BMC9YE35ZTF1,01KCXK1Q4YWYSVKFEH8NP6AQH9,01KCXGG0SW0001H0Q1FW1PAJTG,2025-12-01T14:21:00Z
01KCXK1Q4ZYRQXSSJ6E5JBCCE8,01KCXK1Q4YWYSVKFEH8NP6AQH9,01KCXGG0SW0001H0Q1FW1PCM88,2025-12-01T14:21:00Z
01KCXK1Q50YCCTAC7KKNZWYPQB,01KCXK1Q4YWYSVKFEH8NP6AQH9,01KCXGG0SW0001H0Q1FW1PEJR8,2025-12-01T14:21:00Z
01KCXK1Q51V3DYD0FZEB9B7B9C,01KCXK1Q4YWYSVKFEH8NP6AQH9,01KCXGG0SW0001H0Q1FW1PGEAG,2025-12-01T14:21:00Z
01KCXK1Q51N89VE9R3NZQW6DKK,01KCXK1Q4YWYSVKFEH8NP6AQH9,01KCXGG0SW0001H0Q1FW1PJ8XG,2025-12-01T14:21:00Z
01KCXK1Q521EGTZ2HBRAZDDK4Y,01KCXK1Q4YWYSVKFEH8NP6AQH9,01KCXGG0SX0001H0Q1FW1PM7DG,2025-12-01T14:21:00Z
01KCXK1Q523JQQWJZCRTBGCHV8,01KCXK1Q4YWYSVKFEH8NP6AQH9,01KCXGG0SX0001H0Q1FW1PQWKG,2025-12-01T14:21:00Z
01KCXK1Q53MD3HWM9V68AH795V,01KCXK1Q4YWYSVKFEH8NP6AQH9,01KCXGG0SX0001H0Q1FW1PSS50,2025-12-01T14:21:00Z
01KCXK1Q53E93HY5VG4D5M374V,01KCXK1Q4YWYSVKFEH8NP6AQH9,01KCXGG0SX0001H0Q1FW1PWB60,2025-12-01T14:21:00Z
01KCXK1Q54G67ZZFN9G17QDWSE,01KCXK1Q4YWYSVKFEH8NP6AQH9,01KCXGG0SX0001H0Q1FW1PY5S0,2025-12-01T14:21:00Z
01KCXK1Q55HXX6AGRJDHRS2VP6,01KCXK1Q4YWYSVKFEH8NP6AQH9,01KCXGG0SX0001H0Q1FW1Q0JXR,2025-12-01T14:21:00Z
01KCXK1Q55WFJQW2WSEKVHYY7R,01KCXK1Q4YWYSVKFEH8NP6AQH9,01KCXGG0SX0001H0Q1FW1Q2DGR,2025-12-01T14:21:00Z
01KCXK1Q55V4XQY73F87H33WGC,01KCXK1Q4YWYSVKFEH8NP6AQH9,01KCXGG0SX0001H0Q1FW1Q474G,2025-12-01T14:21:00Z
01KCXK1Q5634MPH3M9XZG91M38,01KCXK1Q4YWYSVKFEH8NP6AQH9,01KCXGG0SX0001H0Q1FW1Q5YSR,2025-12-01T14:21:00Z
01KCXK1Q57DXVV85W7FA1TAKP1,01KCXK1Q4YWYSVKFEH8NP6AQH9,01KCXGG0SX0001H0Q1FW1Q7QE8,2025-12-01T14:21:00Z
01KCXK1Q57BPPF4NVGX767WPCG,01KCXK1Q4YWYSVKFEH8NP6AQH9,01KCXGG0SX0001H0Q1FW1Q9G2R,2025-12-01T14:21:00Z
01KCXK1Q58WF6PA8SJ56Q3CTYT,01KCXK1Q4YWYSVKFEH8NP6AQH9,01KCXGG0SX0001H0Q1FW1QB7R0,2025-12-01T14:21:00Z
01KCXK1Q5SS42367Y8YF0ZPXJR,01KCXK1Q4YWYSVKFEH8NP6AQH9,01KCXGG0SX0001H0Q1FW1QCZD8,2025-12-01T14:21:00Z
01KCXK1Q5T85MPDF9N2Y96CMPZ,01KCXK1Q4YWYSVKFEH8NP6AQH9,01KCXGG0SX0001H0Q1FW1QEWY0,2025-12-01T14:21:00Z
01KCXK1Q5VPANY4JVFK9RQ1M4G,01KCXK1Q5VFJ7KPVX2ZTBJH778,01KCXGG0SY0001H0Q1FW1RD2R8,2025-12-01T15:09:00Z
01KCXK1Q5VR43GGNFA3JDASYF6,01KCXK1Q5VFJ7KPVX2ZTBJH778,01KCXGG0SY0001H0Q1FW1RF36R,2025-12-01T15:09:00Z
01KCXK1Q5W1Y6SXHW13AGA546R,01KCXK1Q5VFJ7KPVX2ZTBJH778,01KCXGG0SZ0001H0Q1FW1RH0QG,2025-12-01T15:09:00Z
01KCXK1Q5XXTHEBM9BYKEWJQYM,01KCXK1Q5VFJ7KPVX2ZTBJH778,01KCXGG0SZ0001H0Q1FW1RJW9R,2025-12-01T15:09:00Z
01KCXK1Q5Y8Y0N21DNYE8AK9A1,01KCXK1Q5VFJ7KPVX2ZTBJH778,01KCXGG0SZ0001H0Q1FW1RMMY8,2025-12-01T15:09:00Z
01KCXK1Q5ZBTFTDR2JG60VSTSZ,01KCXK1Q5VFJ7KPVX2ZTBJH778,01KCXGG0SZ0001H0Q1FW1RPFH8,2025-12-01T15:09:00Z
01KCXK1Q60FMHHCN3GECRCE5WB,01KCXK1Q5VFJ7KPVX2ZTBJH778,01KCXGG0SZ0001H0Q1FW1RR950,2025-12-01T15:09:00Z
01KCXK1Q610P3ZDEBWJPBTD5CW,01KCXK1Q5VFJ7KPVX2ZTBJH778,01KCXGG0SZ0001H0Q1FW1RT1SG,2025-12-01T15:09:00Z
01KCXK1Q623ZZTKC5KJTW4TT6X,01KCXK1Q5VFJ7KPVX2ZTBJH778,01KCXGG0SZ0001H0Q1FW1RVTE0,2025-12-01T15:09:00Z
01KCXK1Q63R0GWAB7EEBQ6B356,01KCXK1Q5VFJ7KPVX2ZTBJH778,01KCXGG0SZ0001H0Q1FW1RXK2G,2025-12-01T15:09:00Z
01KCXK1Q64W19Z9CQWDAH63C04,01KCXK1Q5VFJ7KPVX2ZTBJH778,01KCXGG0SZ0001H0Q1FW1RZBQ0,2025-12-01T15:09:00Z
01KCXK1Q64SWMKG62V53DY4VTR,01KCXK1Q5VFJ7KPVX2ZTBJH778,01KCXGG0SZ0001H0Q1FW1S14BG,2025-12-01T15:09:00Z
01KCXK1Q668RE5BE2P1BWR4FVD,01KCXK1Q5VFJ7KPVX2ZTBJH778,01KCXGG0SZ0001H0Q1FW1S31W8,2025-12-01T15:09:00Z
01KCXK1Q66K5CG0YCNCVS6H4NM,01KCXK1Q5VFJ7KPVX2ZTBJH778,01KCXGG0SZ0001H0Q1FW1S4TGR,2025-12-01T15:09:00Z
01KCXK1Q67T08DEPWYMXK0XM2V,01KCXK1Q5VFJ7KPVX2ZTBJH778,01KCXGG0SZ0001H0Q1FW1S6S0R,2025-12-01T15:09:00Z
01KCXK1Q686VK228YHDXC1T50W,01KCXK1Q5VFJ7KPVX2ZTBJH778,01KCXGG0SZ0001H0Q1FW1S8GP0,2025-12-01T15:09:00Z
01KCXK1Q68TMMTKACW02EGSCMP,01KCXK1Q5VFJ7KPVX2ZTBJH778,01KCXGG0SZ0001H0Q1FW1SA9AG,2025-12-01T15:09:00Z
01KCXK1Q698B4E86843JAR8VD7,01KCXK1Q5VFJ7KPVX2ZTBJH778,01KCXGG0SZ0001H0Q1FW1SCVBG,2025-12-01T15:09:00Z
01KCXK1Q69YWRTRTVSHFTMBPS7,01KCXK1Q5VFJ7KPVX2ZTBJH778,01KCXGG0SZ0001H0Q1FW1SEK0R,2025-12-01T15:09:00Z
01KCXK1Q6AGAWK60R8VHGV3Z5D,01KCXK1Q5VFJ7KPVX2ZTBJH778,01KCXGG0T00001H0Q1FW1SGBN8,2025-12-01T15:09:00Z
01KCXK1Q6BV3ED9AXWX7H4252P,01KCXK1Q6BRCR2C6QESKVZRHQP,01KCXGG0T10001H0Q1FW1TFZC8,2025-12-01T17:34:00Z
01KCXK1Q6CCZ496MWCV3NT6K42,01KCXK1Q6BRCR2C6QESKVZRHQP,01KCXGG0T10001H0Q1FW1TJ2RG,2025-12-01T17:34:00Z
01KCXK1Q6CA1FRCSPP589DKBG0,01KCXK1Q6BRCR2C6QESKVZRHQP,01KCXGG0T10001H0Q1FW1TKZA0,2025-12-01T17:34:00Z
01KCXK1Q6DX45PPNBS7EH157BE,01KCXK1Q6BRCR2C6QESKVZRHQP,01KCXGG0T10001H0Q1FW1TNRXR,2025-12-01T17:34:00Z
01KCXK1Q6DFS6HXQ746ZBRNCHK,01KCXK1Q6BRCR2C6QESKVZRHQP,01KCXGG0T10001H0Q1FW1TQRD0,2025-12-01T17:34:00Z
01KCXK1Q6EBAYJKACY5Z7GMYFX,01KCXK1Q6BRCR2C6QESKVZRHQP,01KCXGG0T10001H0Q1FW1TSH1G,2025-12-01T17:34:00Z
01KCXK1Q6E6VTAW41CHK5AB7KR,01KCXK1Q6BRCR2C6QESKVZRHQP,01KCXGG0T10001H0Q1FW1TVAN8,2025-12-01T17:34:00Z
01KCXK1Q6F61QC5AF5W8VR5HZ8,01KCXK1Q6BRCR2C6QESKVZRHQP,01KCXGG0T10001H0Q1FW1TXHYG,2025-12-01T17:34:00Z
01KCXK1Q6F5YN8YBJ0Z63T065X,01KCXK1Q6BRCR2C6QESKVZRHQP,01KCXGG0T10001H0Q1FW1V109R,2025-12-01T17:34:00Z
01KCXK1Q6GNV6TZ1MAVPPC8PK3,01KCXK1Q6BRCR2C6QESKVZRHQP,01KCXGG0T10001H0Q1FW1V39HG,2025-12-01T17:34:00Z
01KCXK1Q6G3VK0PG944QBNQPHT,01KCXK1Q6BRCR2C6QESKVZRHQP,01KCXGG0T10001H0Q1FW1V5FVG,2025-12-01T17:34:00Z
01KCXK1Q6HDGXQ61Y4QSM8WVA9,01KCXK1Q6BRCR2C6QESKVZRHQP,01KCXGG0T10001H0Q1FW1V7CD0,2025-12-01T17:34:00Z
01KCXK1Q6JJF0NRDN9TC58P3ZF,01KCXK1Q6BRCR2C6QESKVZRHQP,01KCXGG0T10001H0Q1FW1V9700,2025-12-01T17:34:00Z
01KCXK1Q6KJFQETWS3J8YWBHPY,01KCXK1Q6BRCR2C6QESKVZRHQP,01KCXGG0T10001H0Q1FW1VBF8G,2025-12-01T17:34:00Z
01KCXK1Q6K93JMES1YSBBDC3QS,01KCXK1Q6BRCR2C6QESKVZRHQP,01KCXGG0T20001H0Q1FW1VDFQ0,2025-12-01T17:34:00Z
01KCXK1Q6MTJ51XGDRPXEZ5AYF,01KCXK1Q6BRCR2C6QESKVZRHQP,01KCXGG0T20001H0Q1FW1VF9AR,2025-12-01T17:34:00Z
01KCXK1Q6MH23VV5Z4947EFVFC,01KCXK1Q6BRCR2C6QESKVZRHQP,01KCXGG0T20001H0Q1FW1VJNQG,2025-12-01T17:34:00Z
01KCXK1Q6NRF8G9TPZYKHX73T9,01KCXK1Q6BRCR2C6QESKVZRHQP,01KCXGG0T20001H0Q1FW1VNX80,2025-12-01T17:34:00Z
01KCXK1Q6N3WAXJ6FSVYCXZRC1,01KCXK1Q6BRCR2C6QESKVZRHQP,01KCXGG0T20001H0Q1FW1VQWQ8,2025-12-01T17:34:00Z
01KCXK1Q6PBN0CSKYN4924VEX0,01KCXK1Q6BRCR2C6QESKVZRHQP,01KCXGG0T20001H0Q1FW1VSQA8,2025-12-01T17:34:00Z
01KCXK1Q6PJSHP8Y5S17NS40EP,01KCXK1Q6BRCR2C6QESKVZRHQP,01KCXGG0T20001H0Q1FW1VVGY0,2025-12-01T17:34:00Z
01KCXK1Q6Q52JE8KM6TQT0CAND,01KCXK1Q6BRCR2C6QESKVZRHQP,01KCXGG0T20001H0Q1FW1VZGVR,2025-12-01T17:34:00Z
01KCXK1Q6Q2ATWK3F15Z76A7P7,01KCXK1Q6BRCR2C6QESKVZRHQP,01KCXGG0T20001H0Q1FW1W1ECG,2025-12-01T17:34:00Z
01KCXK1Q6R1P7ZRA1KBACHVF47,01KCXK1Q6BRCR2C6QESKVZRHQP,01KCXGG0T20001H0Q1FW1W361R,2025-12-01T17:34:00Z
01KCXK1Q6SDFS8N1PJ85JG2M1Z,01KCXK1Q6BRCR2C6QESKVZRHQP,01KCXGG0T20001H0Q1FW1W8KW8,2025-12-01T17:34:00Z
01KCXK1Q6TGEGBRGAP70J8XFVV,01KCXK1Q6BRCR2C6QESKVZRHQP,01KCXGG0T30001H0Q1FW1WAMAR,2025-12-01T17:34:00Z
01KCXK1Q6V524P0AVEZ4KGMMNZ,01KCXK1Q6BRCR2C6QESKVZRHQP,01KCXGG0T30001H0Q1FW1WCFX0,2025-12-01T17:34:00Z
01KCXK1Q6V70BZV0EAJ0WGFJKV,01KCXK1Q6BRCR2C6QESKVZRHQP,01KCXGG0T30001H0Q1FW1WE7J8,2025-12-01T17:34:00Z
01KCXK1Q6WPH1Y6M6NYY8DCMB4,01KCXK1Q6BRCR2C6QESKVZRHQP,01KCXGG0T30001H0Q1FW1WG530,2025-12-01T17:34:00Z
01KCXK1Q6XMFBHVT4JCT1BJM69,01KCXK1Q6BRCR2C6QESKVZRHQP,01KCXGG0T30001H0Q1FW1WHXQG,2025-12-01T17:34:00Z
01KCXK1Q6YSPXATG943ZP4QR36,01KCXK1Q6YAVVTAR18XXXP5CEQ,01KCXGG0T30001H0Q1FW1WKPC0,2025-12-01T19:29:00Z
01KCXK1Q6YKP80DXG3H8YDP6G4,01KCXK1Q6YAVVTAR18XXXP5CEQ,01KCXGG0T30001H0Q1FW1WNE18,2025-12-01T19:29:00Z
01KCXK1Q6ZH7G6842HFCV4ZRQ8,01KCXK1Q6YAVVTAR18XXXP5CEQ,01KCXGG0T30001H0Q1FW1WQ4Q8,2025-12-01T19:29:00Z
01KCXK1Q6ZW29XADNP52J47CX8,01KCXK1Q6YAVVTAR18XXXP5CEQ,01KCXGG0T30001H0Q1FW1WRWCG,2025-12-01T19:29:00Z
01KCXK1Q70H3A318C07MZ07Q53,01KCXK1Q6YAVVTAR18XXXP5CEQ,01KCXGG0T30001H0Q1FW1WTM1R,2025-12-01T19:29:00Z
01KCXK1Q709VGBVPA4PEP326YF,01KCXK1Q6YAVVTAR18XXXP5CEQ,01KCXGG0T30001H0Q1FW1WWBQ0,2025-12-01T19:29:00Z
01KCXK1Q71QA1E1ZS9P5P9HA7S,01KCXK1Q6YAVVTAR18XXXP5CEQ,01KCXGG0T30001H0Q1FW1WY6A0,2025-12-01T19:29:00Z
01KCXK1Q720JME1PZWC2XW2531,01KCXK1Q6YAVVTAR18XXXP5CEQ,01KCXGG0T30001H0Q1FW1WZXZ8,2025-12-01T19:29:00Z
01KCXK1Q7302TJG56E11S90CC9,01KCXK1Q6YAVVTAR18XXXP5CEQ,01KCXGG0T30001H0Q1FW1X1NMG,2025-12-01T19:29:00Z
01KCXK1Q73E2SDZP19J2KNXBX4,01KCXK1Q6YAVVTAR18XXXP5CEQ,01KCXGG0T30001H0Q1FW1X3D9R,2025-12-01T19:29:00Z
01KCXK1Q744EPGM2BXSAXDMB3R,01KCXK1Q6YAVVTAR18XXXP5CEQ,01KCXGG0T30001H0Q1FW1X53ZR,2025-12-01T19:29:00Z
01KCXK1Q75XPF3HZMPRE74CWFY,01KCXK1Q6YAVVTAR18XXXP5CEQ,01KCXGG0T30001H0Q1FW1X6VN0,2025-12-01T19:29:00Z
01KCXK1Q77TJ74FW5JTV0VWHT9,01KCXK1Q6YAVVTAR18XXXP5CEQ,01KCXGG0T40001H0Q1FW1X8R6G,2025-12-01T19:29:00Z
01KCXK1Q78HH94KSRD8R4Y2VZ2,01KCXK1Q6YAVVTAR18XXXP5CEQ,01KCXGG0T40001H0Q1FW1XAFVR,2025-12-01T19:29:00Z
01KCXK1Q79XBBK0J6560PQEY59,01KCXK1Q6YAVVTAR18XXXP5CEQ,01KCXGG0T40001H0Q1FW1XC9FG,2025-12-01T19:29:00Z
01KCXK1Q7BNVN7DP4GTFVQ6Z4G,01KCXK1Q6YAVVTAR18XXXP5CEQ,01KCXGG0T40001H0Q1FW1XE14R,2025-12-01T19:29:00Z
01KCXK1Q7C4G8X1DA2JZW11AHG,01KCXK1Q6YAVVTAR18XXXP5CEQ,01KCXGG0T40001H0Q1FW1XFQTR,2025-12-01T19:29:00Z
01KCXK1Q7CD7GX81MTR54N0Y0G,01KCXK1Q6YAVVTAR18XXXP5CEQ,01KCXGG0T40001H0Q1FW1XHFG0,2025-12-01T19:29:00Z
01KCXK1Q7DTY0FH5J6WXF18SYC,01KCXK1Q6YAVVTAR18XXXP5CEQ,01KCXGG0T40001H0Q1FW1XK660,2025-12-01T19:29:00Z
01KCXK1Q7ED87GNV4WKVE7A7M6,01KCXK1Q6YAVVTAR18XXXP5CEQ,01KCXGG0T40001H0Q1FW1XNDF8,2025-12-01T19:29:00Z
01KCXK1Q7EXEMQAA1KAGW0BQS8,01KCXK1Q6YAVVTAR18XXXP5CEQ,01KCXGG0T40001H0Q1FW1XQ54G,2025-12-01T19:29:00Z
01KCXK1Q7FJAZDMW2EXZZHQXZE,01KCXK1Q6YAVVTAR18XXXP5CEQ,01KCXGG0T40001H0Q1FW1XT0Y0,2025-12-01T19:29:00Z
01KCXK1Q7F3GZWR4F83GT47YR5,01KCXK1Q6YAVVTAR18XXXP5CEQ,01KCXGG0T40001H0Q1FW1XW0D8,2025-12-01T19:29:00Z
01KCXK1Q7G5839M3C3NTQ21RX3,01KCXK1Q6YAVVTAR18XXXP5CEQ,01KCXGG0T40001H0Q1FW1XXT10,2025-12-01T19:29:00Z
01KCXK1Q7HV7XABS136QM06VK9,01KCXK1Q6YAVVTAR18XXXP5CEQ,01KCXGG0T40001H0Q1FW1XZHP8,2025-12-01T19:29:00Z
01KCXK1Q7HD74SPWJ78NJTGMA5,01KCXK1Q6YAVVTAR18XXXP5CEQ,01KCXGG0T40001H0Q1FW1Y1G68,2025-12-01T19:29:00Z
01KCXK1Q7JGMCQD5VGAKTYPZ61,01KCXK1Q6YAVVTAR18XXXP5CEQ,01KCXGG0T40001H0Q1FW1Y3CQR,2025-12-01T19:29:00Z
01KCXK1Q7KXZT8FVT9GDDHSFBJ,01KCXK1Q6YAVVTAR18XXXP5CEQ,01KCXGG0T40001H0Q1FW1Y52EG,2025-12-01T19:29:00Z
01KCXK1Q7KQ8X2CRPADAK084VK,01KCXK1Q6YAVVTAR18XXXP5CEQ,01KCXGG0T40001H0Q1FW1Y6R58,2025-12-01T19:29:00Z
01KCXK1Q7KH2ZBWQN2BTNRM503,01KCXK1Q6YAVVTAR18XXXP5CEQ,01KCXGG0T50001H0Q1FW1Y8CWR,2025-12-01T19:29:00Z
01KCXK1Q7NKKQX26ZYZTFJRW01,01KCXK1Q7NM9JBWVVB6SC1155M,01KCXGG0T50001H0Q1FW1YA2KG,2025-12-01T22:15:00Z
01KCXK1Q7QVRKHF3HR1RF06QSZ,01KCXK1Q7NM9JBWVVB6SC1155M,01KCXGG0T50001H0Q1FW1YBRA8,2025-12-01T22:15:00Z
01KCXK1Q7Q4RC3SRR1AS5CCF1W,01KCXK1Q7NM9JBWVVB6SC1155M,01KCXGG0T50001H0Q1FW1YDD1R,2025-12-01T22:15:00Z
01KCXK1Q7R4KVWPK69S951AE7J,01KCXK1Q7NM9JBWVVB6SC1155M,01KCXGG0T50001H0Q1FW1YF2RG,2025-12-01T22:15:00Z
01KCXK1Q7S49CQ88F1GZT6VGV5,01KCXK1Q7NM9JBWVVB6SC1155M,01KCXGG0T50001H0Q1FW1YGSEG,2025-12-01T22:15:00Z
01KCXK1Q7SMYC8K4MA1W58S4HX,01KCXK1Q7NM9JBWVVB6SC1155M,01KCXGG0T50001H0Q1FW1YJF58,2025-12-01T22:15:00Z
01KCXK1Q7TWNV7M20TNYKAC5YW,01KCXK1Q7NM9JBWVVB6SC1155M,01KCXGG0T50001H0Q1FW1YM4W0,2025-12-01T22:15:00Z
01KCXK1Q7VPCT9A267JKQRR95E,01KCXK1Q7NM9JBWVVB6SC1155M,01KCXGG0T50001H0Q1FW1YNSKG,2025-12-01T22:15:00Z
01KCXK1Q7VG0R3TFQBY91EG7QX,01KCXK1Q7NM9JBWVVB6SC1155M,01KCXGG0T50001H0Q1FW1YQFA8,2025-12-01T22:15:00Z
01KCXK1Q7WG52V6MZE8DXN8D3T,01KCXK1Q7NM9JBWVVB6SC1155M,01KCXGG0T50001H0Q1FW1YS510,2025-12-01T22:15:00Z
01KCXK1Q7WVXVZ1YXM485AHE45,01KCXK1Q7NM9JBWVVB6SC1155M,01KCXGG0T50001H0Q1FW1YTTQR,2025-12-01T22:15:00Z
01KCXK1Q7XKNQFGTTQYQVMR834,01KCXK1Q7NM9JBWVVB6SC1155M,01KCXGG0T50001H0Q1FW1Z0R68,2025-12-01T22:15:00Z
01KCXK1Q7XVSNM1HAYC03A3Y8Y,01KCXK1Q7NM9JBWVVB6SC1155M,01KCXGG0T50001H0Q1FW1Z388R,2025-12-01T22:15:00Z
01KCXK1Q7Y4DJ3HT7FGWNT2336,01KCXK1Q7NM9JBWVVB6SC1155M,01KCXGG0T50001H0Q1FW1Z59PG,2025-12-01T22:15:00Z
01KCXK1Q7YR1PBB6QAETRJ5Z9G,01KCXK1Q7NM9JBWVVB6SC1155M,01KCXGG0T60001H0Q1FW1Z7778,2025-12-01T22:15:00Z
01KCXK1Q7Z4QNY02AYXKH2A3NM,01KCXK1Q7NM9JBWVVB6SC1155M,01KCXGG0T60001H0Q1FW1Z90V0,2025-12-01T22:15:00Z
01KCXK1Q7Z6S2ED2N8Q3ME0T84,01KCXK1Q7NM9JBWVVB6SC1155M,01KCXGG0T60001H0Q1FW1ZATER,2025-12-01T22:15:00Z
01KCXK1Q80JR83KY6WW0X2D3VQ,01KCXK1Q7NM9JBWVVB6SC1155M,01KCXGG0T60001H0Q1FW1ZCTX8,2025-12-01T22:15:00Z
01KCXK1Q80APN0Q3D8B5D3B288,01KCXK1Q7NM9JBWVVB6SC1155M,01KCXGG0T60001H0Q1FW1ZEPFG,2025-12-01T22:15:00Z
01KCXK1Q81GMM1Q1P0PWCV89JY,01KCXK1Q7NM9JBWVVB6SC1155M,01KCXGG0T60001H0Q1FW1ZGF40,2025-12-01T22:15:00Z
01KCXK1Q827P7A5CG0PX48Y8W4,01KCXK1Q7NM9JBWVVB6SC1155M,01KCXGG0T60001H0Q1FW1ZJ6S8,2025-12-01T22:15:00Z
01KCXK1Q82H0K1H0AVVTBBK1DA,01KCXK1Q7NM9JBWVVB6SC1155M,01KCXGG0T60001H0Q1FW1ZKYEG,2025-12-01T22:15:00Z
01KCXK1Q83M622D3VPZWMRYH7M,01KCXK1Q7NM9JBWVVB6SC1155M,01KCXGG0T60001H0Q1FW1ZNM58,2025-12-01T22:15:00Z
01KCXK1Q8322VBCPAKVJJF0EZM,01KCXK1Q7NM9JBWVVB6SC1155M,01KCXGG0T60001H0Q1FW1ZQCSR,2025-12-01T22:15:00Z
01KCXK1Q84P7PAGZ9TW2AT12VS,01KCXK1Q7NM9JBWVVB6SC1155M,01KCXGG0T60001H0Q1FW1ZS6DG,2025-12-01T22:15:00Z
01KCXK1Q84EA1KEKQFBPZ3G54Q,01KCXK1Q7NM9JBWVVB6SC1155M,01KCXGG0T60001H0Q1FW1ZTX3G,2025-12-01T22:15:00Z
01KCXK1Q84RXBZMNSTSBY95PC7,01KCXK1Q7NM9JBWVVB6SC1155M,01KCXGG0T60001H0Q1FW1ZWJT8,2025-12-01T22:15:00Z
01KCXK1Q852JDAW6MTT4S5WN8K,01KCXK1Q7NM9JBWVVB6SC1155M,01KCXGG0T60001H0Q1FW1ZYAFG,2025-12-01T22:15:00Z
01KCXK1Q8533HGVPNGJA3DSM0X,01KCXK1Q7NM9JBWVVB6SC1155M,01KCXGG0T60001H0Q1FW20015G,2025-12-01T22:15:00Z
01KCXK1Q86KJQHVFK00DFGXNFZ,01KCXK1Q7NM9JBWVVB6SC1155M,01KCXGG0T60001H0Q1FW201QVG,2025-12-01T22:15:00Z
01KCXK1Q87X9EW1N4ZGCP2804Y,01KCXK1Q87FPF2AMGA71RSB4ZF,01KCXGG0TA0001H0Q1FW23FBNG,2025-12-01T22:54:00Z
01KCXK1Q88MYYJGDZCHSE261KA,01KCXK1Q87FPF2AMGA71RSB4ZF,01KCXGG0TA0001H0Q1FW23HB4R,2025-12-01T22:54:00Z
01KCXK1Q88P9K7Y1AGVWM7BYFT,01KCXK1Q87FPF2AMGA71RSB4ZF,01KCXGG0TA0001H0Q1FW23K6Q0,2025-12-01T22:54:00Z
01KCXK1Q89VFQ1XPDEYGAHPK25,01KCXK1Q87FPF2AMGA71RSB4ZF,01KCXGG0TA0001H0Q1FW23N0AR,2025-12-01T22:54:00Z
01KCXK1Q8AY4Q6F7QHHHFMS58P,01KCXK1Q87FPF2AMGA71RSB4ZF,01KCXGG0TA0001H0Q1FW23PR00,2025-12-01T22:54:00Z
01KCXK1Q8AH7XMC1E3EVYCGFT5,01KCXK1Q87FPF2AMGA71RSB4ZF,01KCXGG0TA0001H0Q1FW23RFN8,2025-12-01T22:54:00Z
01KCXK1Q8BM7GSZA4QEZ41JPN0,01KCXK1Q87FPF2AMGA71RSB4ZF,01KCXGG0TA0001H0Q1FW23T6B8,2025-12-01T22:54:00Z
01KCXK1Q8BXD1VVTE9QB44HXEG,01KCXK1Q87FPF2AMGA71RSB4ZF,01KCXGG0TA0001H0Q1FW23W0Y8,2025-12-01T22:54:00Z
01KCXK1Q8CY532K51D0P48W78X,01KCXK1Q87FPF2AMGA71RSB4ZF,01KCXGG0TB0001H0Q1FW23YG1G,2025-12-01T22:54:00Z
01KCXK1Q8CXT10R8SVT9JF6HA1,01KCXK1Q87FPF2AMGA71RSB4ZF,01KCXGG0TB0001H0Q1FW2406QG,2025-12-01T22:54:00Z
01KCXK1Q8CRPT397X2KF4A183W,01KCXK1Q87FPF2AMGA71RSB4ZF,01KCXGG0TB0001H0Q1FW241XDG,2025-12-01T22:54:00Z
01KCXK1Q8DK2TY7TC789QNYYHW,01KCXK1Q87FPF2AMGA71RSB4ZF,01KCXGG0TB0001H0Q1FW243M3G,2025-12-01T22:54:00Z
01KCXK1Q8E82HKQ4T9Q9P6TRSZ,01KCXK1Q87FPF2AMGA71RSB4ZF,01KCXGG0TB0001H0Q1FW245ASG,2025-12-01T22:54:00Z
01KCXK1Q8ESETP1K8ESXQTG6C7,01KCXK1Q87FPF2AMGA71RSB4ZF,01KCXGG0TB0001H0Q1FW246ZH0,2025-12-01T22:54:00Z
01KCXK1Q8FHH8CFWFNSE3QTYNJ,01KCXK1Q87FPF2AMGA71RSB4ZF,01KCXGG0TB0001H0Q1FW248N7R,2025-12-01T22:54:00Z
01KCXK1Q8FB31HV3YVSBHJBC4R,01KCXK1Q87FPF2AMGA71RSB4ZF,01KCXGG0TB0001H0Q1FW24ACX0,2025-12-01T22:54:00Z
01KCXK1Q8W1J68B9FBFKH67QHB,01KCXK1Q87FPF2AMGA71RSB4ZF,01KCXGG0TB0001H0Q1FW24C2KR,2025-12-01T22:54:00Z
01KCXK1Q8XFQ8ETSVP63H125K9,01KCXK1Q87FPF2AMGA71RSB4ZF,01KCXGG0TB0001H0Q1FW24DS9R,2025-12-01T22:54:00Z
01KCXK1Q8Y2Q8MQRFCJX85CRT7,01KCXK1Q87FPF2AMGA71RSB4ZF,01KCXGG0TB0001H0Q1FW24FF0G,2025-12-01T22:54:00Z
01KCXK1Q8ZGM3A2Q143B7TRQCJ,01KCXK1Q87FPF2AMGA71RSB4ZF,01KCXGG0TB0001H0Q1FW24H5PG,2025-12-01T22:54:00Z
01KCXK1Q90B5D9G3SRSXS8VPVX,01KCXK1Q87FPF2AMGA71RSB4ZF,01KCXGG0TB0001H0Q1FW24JWCG,2025-12-01T22:54:00Z
01KCXK1Q9050K1RZ1AMP4ZBPN0,01KCXK1Q87FPF2AMGA71RSB4ZF,01KCXGG0TB0001H0Q1FW24MJ38,2025-12-01T22:54:00Z
01KCXK1Q91V5V23J3A7BTSSE28,01KCXK1Q87FPF2AMGA71RSB4ZF,01KCXGG0TB0001H0Q1FW24P8S8,2025-12-01T22:54:00Z
01KCXK1Q92Q4NYKJ979PDVASEW,01KCXK1Q87FPF2AMGA71RSB4ZF,01KCXGG0TB0001H0Q1FW24R3C8,2025-12-01T22:54:00Z
01KCXK1Q920A5W7E74E8B6AH0D,01KCXK1Q87FPF2AMGA71RSB4ZF,01KCXGG0TB0001H0Q1FW24ST28,2025-12-01T22:54:00Z
01KCXK1Q938AE4TWMG0ZWNENTH,01KCXK1Q87FPF2AMGA71RSB4ZF,01KCXGG0TB0001H0Q1FW24VFS0,2025-12-01T22:54:00Z
01KCXK1Q93WAHRWFAMM65W85F3,01KCXK1Q87FPF2AMGA71RSB4ZF,01KCXGG0TC0001H0Q1FW24X5FR,2025-12-01T22:54:00Z
01KCXK1Q9407B2A2REP24SXRFQ,01KCXK1Q87FPF2AMGA71RSB4ZF,01KCXGG0TC0001H0Q1FW24YT78,2025-12-01T22:54:00Z
01KCXK1Q944MMTVK47JTS4Q226,01KCXK1Q87FPF2AMGA71RSB4ZF,01KCXGG0TC0001H0Q1FW250FY0,2025-12-01T22:54:00Z
01KCXK1Q95FF7ZN79B7KD7NGVD,01KCXK1Q87FPF2AMGA71RSB4ZF,01KCXGG0TC0001H0Q1FW2525MR,2025-12-01T22:54:00Z
01KCXK1Q96X95BAEHSK1NZA4C7,01KCXK1Q96V5TD025840DC1RAS,01KCXGG0TC0001H0Q1FW253WAR,2025-12-02T00:09:00Z
01KCXK1Q97SKB83PXCBQ6JR3ER,01KCXK1Q96V5TD025840DC1RAS,01KCXGG0TC0001H0Q1FW255H28,2025-12-02T00:09:00Z
01KCXK1Q97E6R2PC54KZJTWECZ,01KCXK1Q96V5TD025840DC1RAS,01KCXGG0TC0001H0Q1FW2576S0,2025-12-02T00:09:00Z
01KCXK1Q985CNHRDC11XGT3M7X,01KCXK1Q96V5TD025840DC1RAS,01KCXGG0TC0001H0Q1FW258XF0,2025-12-02T00:09:00Z
01KCXK1Q98MA63YJ4FWZNBMY5K,01KCXK1Q96V5TD025840DC1RAS,01KCXGG0TC0001H0Q1FW25AK5R,2025-12-02T00:09:00Z
01KCXK1Q994JBMEQZ5AVGTGDRG,01KCXK1Q96V5TD025840DC1RAS,01KCXGG0TC0001H0Q1FW25C7X8,2025-12-02T00:09:00Z
01KCXK1Q9A02SYJYASY7GW1C9N,01KCXK1Q96V5TD025840DC1RAS,01KCXGG0TC0001H0Q1FW25DXM0,2025-12-02T00:09:00Z
01KCXK1Q9B6J6CCVEMY274CSB4,01KCXK1Q96V5TD025840DC1RAS,01KCXGG0TC0001H0Q1FW25FKAR,2025-12-02T00:09:00Z
01KCXK1Q9BWV19R669Y2QMMNM1,01KCXK1Q96V5TD025840DC1RAS,01KCXGG0TC0001H0Q1FW25KGAR,2025-12-02T00:09:00Z
01KCXK1Q9DRPMWSTG2EB8C0WYA,01KCXK1Q96V5TD025840DC1RAS,01KCXGG0TC0001H0Q1FW25N800,2025-12-02T00:09:00Z
01KCXK1Q9D8DJVX6XAPN5XG933,01KCXK1Q96V5TD025840DC1RAS,01KCXGG0TC0001H0Q1FW25PYP0,2025-12-02T00:09:00Z
01KCXK1Q9EA9TTN7893NFSC1RP,01KCXK1Q96V5TD025840DC1RAS,01KCXGG0TC0001H0Q1FW25RMCR,2025-12-02T00:09:00Z
01KCXK1Q9F56D1MD50DA27PCJP,01KCXK1Q96V5TD025840DC1RAS,01KCXGG0TC0001H0Q1FW25TA3G,2025-12-02T00:09:00Z
01KCXK1Q9FHKC6YDY5GE5GXAH6,01KCXK1Q96V5TD025840DC1RAS,01KCXGG0TD0001H0Q1FW25VZT8,2025-12-02T00:09:00Z
01KCXK1Q9G8TV2DHBPHMW9NC0N,01KCXK1Q96V5TD025840DC1RAS,01KCXGG0TD0001H0Q1FW25XNH0,2025-12-02T00:09:00Z
01KCXK1Q9HPMP22KG8VZ5M5VNM,01KCXK1Q96V5TD025840DC1RAS,01KCXGG0TD0001H0Q1FW25ZB7R,2025-12-02T00:09:00Z
01KCXK1Q9HZD3SSNT482NY0S10,01KCXK1Q96V5TD025840DC1RAS,01KCXGG0TD0001H0Q1FW2614VG,2025-12-02T00:09:00Z
01KCXK1Q9J5VRX5MBZE287YF2N,01KCXK1Q96V5TD025840DC1RAS,01KCXGG0TD0001H0Q1FW262SK0,2025-12-02T00:09:00Z
01KCXK1Q9KCY0R21TBJE1QS5GF,01KCXK1Q96V5TD025840DC1RAS,01KCXGG0TD0001H0Q1FW264F9R,2025-12-02T00:09:00Z
01KCXK1Q9KC5ZRXKA6EKMZNWK3,01KCXK1Q96V5TD025840DC1RAS,01KCXGG0TD0001H0Q1FW26650G,2025-12-02T00:09:00Z
01KCXK1Q9MRAKPWBEK1959VKQE,01KCXK1Q96V5TD025840DC1RAS,01KCXGG0TD0001H0Q1FW267SR0,2025-12-02T00:09:00Z
01KCXK1Q9MMR7FTZK4HMPV2HVK,01KCXK1Q96V5TD025840DC1RAS,01KCXGG0TD0001H0Q1FW269FER,2025-12-02T00:09:00Z
01KCXK1Q9P046ZJP1N2SW7KCTB,01KCXK1Q96V5TD025840DC1RAS,01KCXGG0TD0001H0Q1FW26BA1R,2025-12-02T00:09:00Z
01KCXK1Q9QW3YHM7T3W3QJ9D1V,01KCXK1Q96V5TD025840DC1RAS,01KCXGG0TD0001H0Q1FW26CZRG,2025-12-02T00:09:00Z
01KCXK1Q9R2HAM9T04J2W14KAY,01KCXK1Q96V5TD025840DC1RAS,01KCXGG0TD0001H0Q1FW26ENF8,2025-12-02T00:09:00Z
01KCXK1Q9RVYB8RYQJCWKGCKRK,01KCXK1Q96V5TD025840DC1RAS,01KCXGG0TD0001H0Q1FW26GA6R,2025-12-02T00:09:00Z
01KCXK1Q9SFCQV0ZJC6C07XV6R,01KCXK1Q96V5TD025840DC1RAS,01KCXGG0TD0001H0Q1FW26HZXG,2025-12-02T00:09:00Z
01KCXK1Q9SRGBB2M5150AKP82N,01KCXK1Q96V5TD025840DC1RAS,01KCXGG0TD0001H0Q1FW26KMN0,2025-12-02T00:09:00Z
01KCXK1Q9TKY6D2CTV9TSDRAX0,01KCXK1Q96V5TD025840DC1RAS,01KCXGG0TD0001H0Q1FW26N9CG,2025-12-02T00:09:00Z
01KCXK1Q9T34RTPSM1MTNDGQSD,01KCXK1Q96V5TD025840DC1RAS,01KCXGG0TD0001H0Q1FW26PX4R,2025-12-02T00:09:00Z
01KCXK1Q9W3PZ9PVS2A2QQ8703,01KCXK1Q9WZQ5X7JCECT7XJB23,01KCXGG0TF0001H0Q1FW27ZFZ8,2025-12-02T02:58:00Z
01KCXK1Q9WHRD0CFPT5M96C1NF,01KCXK1Q9WZQ5X7JCECT7XJB23,01KCXGG0TF0001H0Q1FW281FEG,2025-12-02T02:58:00Z
01KCXK1Q9XTSNBYVBMP1K4PTJ5,01KCXK1Q9WZQ5X7JCECT7XJB23,01KCXGG0TF0001H0Q1FW283B0R,2025-12-02T02:58:00Z
01KCXK1Q9XY7HGZDXWW8FW6EWC,01KCXK1Q9WZQ5X7JCECT7XJB23,01KCXGG0TF0001H0Q1FW2852P0,2025-12-02T02:58:00Z
01KCXK1Q9Y2JQFQ8FDJ6WHM3YE,01KCXK1Q9WZQ5X7JCECT7XJB23,01KCXGG0TF0001H0Q1FW286SC0,2025-12-02T02:58:00Z
01KCXK1Q9YJNFWTXCMP20D0FVD,01KCXK1Q9WZQ5X7JCECT7XJB23,01KCXGG0TF0001H0Q1FW288E3G,2025-12-02T02:58:00Z
01KCXK1Q9YBGM7TFW9QA7DN1JD,01KCXK1Q9WZQ5X7JCECT7XJB23,01KCXGG0TF0001H0Q1FW28A4SG,2025-12-02T02:58:00Z
01KCXK1Q9ZC9V9E1YRYPFXRMP5,01KCXK1Q9WZQ5X7JCECT7XJB23,01KCXGG0TF0001H0Q1FW28BSH0,2025-12-02T02:58:00Z
01KCXK1Q9ZT2DZ56X6F48MB47N,01KCXK1Q9WZQ5X7JCECT7XJB23,01KCXGG0TF0001H0Q1FW28DE8G,2025-12-02T02:58:00Z
01KCXK1QA0QZH67HXJ5BPJ71WV,01KCXK1Q9WZQ5X7JCECT7XJB23,01KCXGG0TF0001H0Q1FW28FAT0,2025-12-02T02:58:00Z
01KCXK1QA1TWJQ97YA36TZPH7M,01KCXK1Q9WZQ5X7JCECT7XJB23,01KCXGG0TF0001H0Q1FW28GYJ8,2025-12-02T02:58:00Z
01KCXK1QA1DZKE91D2ZVPAWWDM,01KCXK1Q9WZQ5X7JCECT7XJB23,01KCXGG0TF0001H0Q1FW28JK9R,2025-12-02T02:58:00Z
01KCXK1QA294SX7A86J5JS72EE,01KCXK1Q9WZQ5X7JCECT7XJB23,01KCXGG0TF0001H0Q1FW28M818,2025-12-02T02:58:00Z
01KCXK1QA2H280ATH9D7KE34BF,01KCXK1Q9WZQ5X7JCECT7XJB23,01KCXGG0TF0001H0Q1FW28NVSG,2025-12-02T02:58:00Z
01KCXK1QA3NBSR80PAK99RZJAY,01KCXK1Q9WZQ5X7JCECT7XJB23,01KCXGG0TG0001H0Q1FW28QQBR,2025-12-02T02:58:00Z
01KCXK1QA44WCB3V0CG4AQF0WK,01KCXK1Q9WZQ5X7JCECT7XJB23,01KCXGG0TG0001H0Q1FW28SMWG,2025-12-02T02:58:00Z
01KCXK1QA5431K3GVG55VBMZ7W,01KCXK1Q9WZQ5X7JCECT7XJB23,01KCXGG0TG0001H0Q1FW28V8MR,2025-12-02T02:58:00Z
01KCXK1QA5XSWHZX2QN9D8SJZY,01KCXK1Q9WZQ5X7JCECT7XJB23,01KCXGG0TG0001H0Q1FW28WXC8,2025-12-02T02:58:00Z
01KCXK1QA5MC3WG00DZV0HYCA0,01KCXK1Q9WZQ5X7JCECT7XJB23,01KCXGG0TG0001H0Q1FW28YH4G,2025-12-02T02:58:00Z
01KCXK1QA6FNPTAKVEEJ4S24N5,01KCXK1Q9WZQ5X7JCECT7XJB23,01KCXGG0TG0001H0Q1FW2905W0,2025-12-02T02:58:00Z
01KCXK1QA64BPN0GZ6JGMKGCAX,01KCXK1Q9WZQ5X7JCECT7XJB23,01KCXGG0TG0001H0Q1FW291SM8,2025-12-02T02:58:00Z
01KCXK1QA7S880H1XJB927P6C8,01KCXK1Q9WZQ5X7JCECT7XJB23,01KCXGG0TG0001H0Q1FW294DKR,2025-12-02T02:58:00Z
01KCXK1QA8K138VB3JR7DG503Q,01KCXK1Q9WZQ5X7JCECT7XJB23,01KCXGG0TG0001H0Q1FW296B4G,2025-12-02T02:58:00Z
01KCXK1QA85D45ZF36SQTBVFWH,01KCXK1Q9WZQ5X7JCECT7XJB23,01KCXGG0TG0001H0Q1FW297ZW0,2025-12-02T02:58:00Z
01KCXK1QA8647Q3FCKAP3WGTEP,01KCXK1Q9WZQ5X7JCECT7XJB23,01KCXGG0TG0001H0Q1FW299KM8,2025-12-02T02:58:00Z
01KCXK1QA9P69ES0123G2KQT43,01KCXK1Q9WZQ5X7JCECT7XJB23,01KCXGG0TG0001H0Q1FW29B8BR,2025-12-02T02:58:00Z
01KCXK1QA96TQVAN5Z4TY7GABD,01KCXK1Q9WZQ5X7JCECT7XJB23,01KCXGG0TG0001H0Q1FW29D3Y0,2025-12-02T02:58:00Z
01KCXK1QAAMR5SZ1M2M4MJMBFJ,01KCXK1Q9WZQ5X7JCECT7XJB23,01KCXGG0TG0001H0Q1FW29H3VR,2025-12-02T02:58:00Z
01KCXK1QABMHYM3ZRSV7GMJJM4,01KCXK1Q9WZQ5X7JCECT7XJB23,01KCXGG0TG0001H0Q1FW29KB50,2025-12-02T02:58:00Z
01KCXK1QABP4KZBV1N64R2ZYPH,01KCXK1Q9WZQ5X7JCECT7XJB23,01KCXGG0TG0001H0Q1FW29N9N0,2025-12-02T02:58:00Z
01KCXK1QACQXKTSH06NJ2X2F7N,01KCXK1Q9WZQ5X7JCECT7XJB23,01KCXGG0TH0001H0Q1FW29Q0B0,2025-12-02T02:58:00Z
01KCXK1QAD6A9C64QET97KF0P1,01KCXK1Q9WZQ5X7JCECT7XJB23,01KCXGG0TH0001H0Q1FW29RQ10,2025-12-02T02:58:00Z
01KCXK1QADTFCM2Y53VPTPDPQQ,01KCXK1QADJ9VR907V1TNDS6YN,01KCXGG0TH0001H0Q1FW29TDQ0,2025-12-02T05:54:00Z
01KCXK1QAED34N0XFWTZ2DQPV0,01KCXK1QADJ9VR907V1TNDS6YN,01KCXGG0TH0001H0Q1FW29W3DR,2025-12-02T05:54:00Z
01KCXK1QAEPGZCJYGY65X1JT93,01KCXK1QADJ9VR907V1TNDS6YN,01KCXGG0TH0001H0Q1FW29XR58,2025-12-02T05:54:00Z
01KCXK1QAFPAVVHCPPPCX0BDDH,01KCXK1QADJ9VR907V1TNDS6YN,01KCXGG0TH0001H0Q1FW29ZDW0,2025-12-02T05:54:00Z
01KCXK1QAFGAYPZPFWVFW6H4ZM,01KCXK1QADJ9VR907V1TNDS6YN,01KCXGG0TH0001H0Q1FW2A12KG,2025-12-02T05:54:00Z
01KCXK1QAGTZA2TD7AG3H3P716,01KCXK1QADJ9VR907V1TNDS6YN,01KCXGG0TH0001H0Q1FW2A2QB0,2025-12-02T05:54:00Z
01KCXK1QAGW2R568YEWKGEB3A1,01KCXK1QADJ9VR907V1TNDS6YN,01KCXGG0TH0001H0Q1FW2A4C2G,2025-12-02T05:54:00Z
01KCXK1QAHWRHF8EDCEXDV9VRT,01KCXK1QADJ9VR907V1TNDS6YN,01KCXGG0TH0001H0Q1FW2A60T0,2025-12-02T05:54:00Z
01KCXK1QAJ62NM48FPJWA6X4YN,01KCXK1QADJ9VR907V1TNDS6YN,01KCXGG0TH0001H0Q1FW2A7NHG,2025-12-02T05:54:00Z
01KCXK1QAJQ43ATMZ7CSJ64396,01KCXK1QADJ9VR907V1TNDS6YN,01KCXGG0TH0001H0Q1FW2A9A90,2025-12-02T05:54:00Z
01KCXK1QAKXSW91CEHD1XCPSNS,01KCXK1QADJ9VR907V1TNDS6YN,01KCXGG0TH0001H0Q1FW2AAY18,2025-12-02T05:54:00Z
01KCXK1QAK2SG4AH4J81HY932G,01KCXK1QADJ9VR907V1TNDS6YN,01KCXGG0TH0001H0Q1FW2ACJRR,2025-12-02T05:54:00Z
01KCXK1QAMRKPSKR4RREV9VP2R,01KCXK1QADJ9VR907V1TNDS6YN,01KCXGG0TH0001H0Q1FW2AECCG,2025-12-02T05:54:00Z
01KCXK1QAMJ55VTZAA6D8V19ZB,01KCXK1QADJ9VR907V1TNDS6YN,01KCXGG0TH0001H0Q1FW2AG140,2025-12-02T05:54:00Z
01KCXK1QANCG109XKM60RG56S6,01KCXK1QADJ9VR907V1TNDS6YN,01KCXGG0TH0001H0Q1FW2AHNVG,2025-12-02T05:54:00Z
01KCXK1QANRK49HCK1E7MNMB1W,01KCXK1QADJ9VR907V1TNDS6YN,01KCXGG0TH0001H0Q1FW2AKAK0,2025-12-02T05:54:00Z
01KCXK1QAPCZN5CMRFM3Y9F4MN,01KCXK1QADJ9VR907V1TNDS6YN,01KCXGG0TJ0001H0Q1FW2AMYB8,2025-12-02T05:54:00Z
01KCXK1QAP26KV7SMCFXQBQQ3B,01KCXK1QADJ9VR907V1TNDS6YN,01KCXGG0TJ0001H0Q1FW2APP0G,2025-12-02T05:54:00Z
01KCXK1QAQ6GEYXN6BJKSA2JG7,01KCXK1QADJ9VR907V1TNDS6YN,01KCXGG0TJ0001H0Q1FW2ARBQ8,2025-12-02T05:54:00Z
01KCXK1QAR1PYT6K2REVM6G1BA,01KCXK1QADJ9VR907V1TNDS6YN,01KCXGG0TJ0001H0Q1FW2ASZFG,2025-12-02T05:54:00Z
01KCXK1QAR0VSEVD9FSSSPNYMF,01KCXK1QADJ9VR907V1TNDS6YN,01KCXGG0TJ0001H0Q1FW2AVM70,2025-12-02T05:54:00Z
01KCXK1QASQFWM7PN0558872F0,01KCXK1QADJ9VR907V1TNDS6YN,01KCXGG0TJ0001H0Q1FW2AX7Z8,2025-12-02T05:54:00Z
01KCXK1QAS10QHPP5V1TNEFNBN,01KCXK1QADJ9VR907V1TNDS6YN,01KCXGG0TJ0001H0Q1FW2B20A8,2025-12-02T05:54:00Z
01KCXK1QAT9W12K9PC1PS67P33,01KCXK1QADJ9VR907V1TNDS6YN,01KCXGG0TJ0001H0Q1FW2B42Q8,2025-12-02T05:54:00Z
01KCXK1QATQAY4MHNJ139S7T6A,01KCXK1QADJ9VR907V1TNDS6YN,01KCXGG0TJ0001H0Q1FW2B5TCG,2025-12-02T05:54:00Z
01KCXK1QAVPRB2KCV3VQ4G28TW,01KCXK1QADJ9VR907V1TNDS6YN,01KCXGG0TJ0001H0Q1FW2B7F40,2025-12-02T05:54:00Z
01KCXK1QAWN9QMDSGYDZRCAHK5,01KCXK1QADJ9VR907V1TNDS6YN,01KCXGG0TJ0001H0Q1FW2B94TR,2025-12-02T05:54:00Z
01KCXK1QAWM7K5CVKKD074QNAG,01KCXK1QADJ9VR907V1TNDS6YN,01KCXGG0TJ0001H0Q1FW2BAYEG,2025-12-02T05:54:00Z
01KCXK1QAWQ8H91FRB6DKZ1P20,01KCXK1QADJ9VR907V1TNDS6YN,01KCXGG0TJ0001H0Q1FW2BCN4G,2025-12-02T05:54:00Z
01KCXK1QAX6AT6J661JPK3TNV4,01KCXK1QADJ9VR907V1TNDS6YN,01KCXGG0TJ0001H0Q1FW2BECSR,2025-12-02T05:54:00Z
01KCXK1QAXWYHNMNFPZYZ3PNBB,01KCXK1QADJ9VR907V1TNDS6YN,01KCXGG0TJ0001H0Q1FW2BG1H8,2025-12-02T05:54:00Z
01KCXK1QAY3AMZ6BZ5RC7EN586,01KCXK1QADJ9VR907V1TNDS6YN,01KCXGG0TJ0001H0Q1FW2BHN9G,2025-12-02T05:54:00Z
01KCXK1QAZ56V00D7B77N44E7H,01KCXK1QAZQFB2QA99DAMX9DD8,01KCXGG0TK0001H0Q1FW2BKDY0,2025-12-02T08:37:00Z
01KCXK1QAZCJ00RTS94PJN9KXJ,01KCXK1QAZQFB2QA99DAMX9DD8,01KCXGG0TK0001H0Q1FW2BN1P8,2025-12-02T08:37:00Z
01KCXK1QB021W6PPEVPCN658B6,01KCXK1QAZQFB2QA99DAMX9DD8,01KCXGG0TK0001H0Q1FW2BPNEG,2025-12-02T08:37:00Z
01KCXK1QB0KX4JGC5RGBCVSVJV,01KCXK1QAZQFB2QA99DAMX9DD8,01KCXGG0TK0001H0Q1FW2BRA60,2025-12-02T08:37:00Z
01KCXK1QB1ZNN6C366AR2K5VWZ,01KCXK1QAZQFB2QA99DAMX9DD8,01KCXGG0TK0001H0Q1FW2BSXY8,2025-12-02T08:37:00Z
01KCXK1QB1W731D9Z6MEPFDW4Z,01KCXK1QAZQFB2QA99DAMX9DD8,01KCXGG0TK0001H0Q1FW2BVJNR,2025-12-02T08:37:00Z
01KCXK1QB2CKDCZ5ST9NN5AZAP,01KCXK1QAZQFB2QA99DAMX9DD8,01KCXGG0TK0001H0Q1FW2BX6E0,2025-12-02T08:37:00Z
01KCXK1QB2TTCQMRNG53MGHY7V,01KCXK1QAZQFB2QA99DAMX9DD8,01KCXGG0TK0001H0Q1FW2BYV5G,2025-12-02T08:37:00Z
01KCXK1QB2T8N5BNKS3J68XR7J,01KCXK1QAZQFB2QA99DAMX9DD8,01KCXGG0TK0001H0Q1FW2C0PQR,2025-12-02T08:37:00Z
01KCXK1QB3XYRTB3J1QYNYWSDZ,01KCXK1QAZQFB2QA99DAMX9DD8,01KCXGG0TK0001H0Q1FW2C2AG0,2025-12-02T08:37:00Z
01KCXK1QB47P5YT91PDRZ4WEHE,01KCXK1QAZQFB2QA99DAMX9DD8,01KCXGG0TK0001H0Q1FW2C4628,2025-12-02T08:37:00Z
01KCXK1QB50BWFR96QR07QGMAW,01KCXK1QAZQFB2QA99DAMX9DD8,01KCXGG0TK0001H0Q1FW2C5TSR,2025-12-02T08:37:00Z
01KCXK1QB5JGVKC5D9HNV8M0SJ,01KCXK1QAZQFB2QA99DAMX9DD8,01KCXGG0TK0001H0Q1FW2C7EJ0,2025-12-02T08:37:00Z
01KCXK1QB6W5MPP0XE6Q4W5KXQ,01KCXK1QAZQFB2QA99DAMX9DD8,01KCXGG0TK0001H0Q1FW2C92A8,2025-12-02T08:37:00Z
01KCXK1QB6V106ZB4CME2J6873,01KCXK1QAZQFB2QA99DAMX9DD8,01KCXGG0TK0001H0Q1FW2CAQ1R,2025-12-02T08:37:00Z
01KCXK1QB7CBJR4S9ND6A6WKSR,01KCXK1QAZQFB2QA99DAMX9DD8,01KCXGG0TK0001H0Q1FW2CCBS8,2025-12-02T08:37:00Z
01KCXK1QB7B0SE5NVQ3TBTGYMT,01KCXK1QAZQFB2QA99DAMX9DD8,01KCXGG0TK0001H0Q1FW2CDZHG,2025-12-02T08:37:00Z
01KCXK1QB8Y9FKQM6HDGQBBRE6,01KCXK1QAZQFB2QA99DAMX9DD8,01KCXGG0TK0001H0Q1FW2CFK9R,2025-12-02T08:37:00Z
01KCXK1QB8NR5F4HECS57FEY1S,01KCXK1QAZQFB2QA99DAMX9DD8,01KCXGG0TM0001H0Q1FW2CHAZ0,2025-12-02T08:37:00Z
01KCXK1QB93AR0NJWBKDHZW4C7,01KCXK1QAZQFB2QA99DAMX9DD8,01KCXGG0TM0001H0Q1FW2CJZPG,2025-12-02T08:37:00Z
01KCXK1QB93B6K43P529TPWPAQ,01KCXK1QAZQFB2QA99DAMX9DD8,01KCXGG0TM0001H0Q1FW2CMKER,2025-12-02T08:37:00Z
01KCXK1QBAGQ65E0MDKJ9SVAX3,01KCXK1QAZQFB2QA99DAMX9DD8,01KCXGG0TM0001H0Q1FW2CP868,2025-12-02T08:37:00Z
01KCXK1QBBGRBZ3AVMG4YMVRWK,01KCXK1QAZQFB2QA99DAMX9DD8,01KCXGG0TM0001H0Q1FW2CQVYG,2025-12-02T08:37:00Z
01KCXK1QBBYRBFQ57P9EPE37GZ,01KCXK1QAZQFB2QA99DAMX9DD8,01KCXGG0TM0001H0Q1FW2CSFPR,2025-12-02T08:37:00Z
01KCXK1QBCDF3RAWXX7GQBDZB0,01KCXK1QAZQFB2QA99DAMX9DD8,01KCXGG0TM0001H0Q1FW2CV3F0,2025-12-02T08:37:00Z
01KCXK1QBCVD2K6CEATS32SDZT,01KCXK1QAZQFB2QA99DAMX9DD8,01KCXGG0TM0001H0Q1FW2CXGKR,2025-12-02T08:37:00Z
01KCXK1QBDVYPW6XKAEPMYK8XT,01KCXK1QAZQFB2QA99DAMX9DD8,01KCXGG0TM0001H0Q1FW2CZ6AG,2025-12-02T08:37:00Z
01KCXK1QBDY54GDXMC31ZS1CFP,01KCXK1QAZQFB2QA99DAMX9DD8,01KCXGG0TM0001H0Q1FW2D0V20,2025-12-02T08:37:00Z
01KCXK1QBEWP3DKTMN77Z4SPEF,01KCXK1QAZQFB2QA99DAMX9DD8,01KCXGG0TM0001H0Q1FW2D2ET8,2025-12-02T08:37:00Z
01KCXK1QBEFJ8MZ1GPXX398FD6,01KCXK1QAZQFB2QA99DAMX9DD8,01KCXGG0TM0001H0Q1FW2D43HR,2025-12-02T08:37:00Z
01KCXK1QBFCJW21FZF9J1R2698,01KCXK1QAZQFB2QA99DAMX9DD8,01KCXGG0TM0001H0Q1FW2D5R98,2025-12-02T08:37:00Z
01KCXK1QBF1YJY7MKD7KSNE8Q2,01KCXK1QAZQFB2QA99DAMX9DD8,01KCXGG0TM0001H0Q1FW2D7D0R,2025-12-02T08:37:00Z
01KCXK1QBGG2W071QN1Z8KD651,01KCXK1QBGYPAT3J4QMFWBCDS2,01KCXGG0TM0001H0Q1FW2D90S0,2025-12-02T09:24:00Z
01KCXK1QBH6W3MDT9RC5J2MFG8,01KCXK1QBGYPAT3J4QMFWBCDS2,01KCXGG0TM0001H0Q1FW2DANGG,2025-12-02T09:24:00Z
01KCXK1QBH6YFEMEDPMENW3A44,01KCXK1QBGYPAT3J4QMFWBCDS2,01KCXGG0TM0001H0Q1FW2DCA80,2025-12-02T09:24:00Z
01KCXK1QBJZD63D6HS2VH0XDWG,01KCXK1QBGYPAT3J4QMFWBCDS2,01KCXGG0TM0001H0Q1FW2DF158,2025-12-02T09:24:00Z
01KCXK1QBJ90KJAPCBMMZYGBQA,01KCXK1QBGYPAT3J4QMFWBCDS2,01KCXGG0TN0001H0Q1FW2DGRTG,2025-12-02T09:24:00Z
01KCXK1QBKARCTDEG4BK5S4V67,01KCXK1QBGYPAT3J4QMFWBCDS2,01KCXGG0TN0001H0Q1FW2DJDJ0,2025-12-02T09:24:00Z
01KCXK1QC0H0AQVT8AWZWJ8VP7,01KCXK1QBGYPAT3J4QMFWBCDS2,01KCXGG0TN0001H0Q1FW2DM66G,2025-12-02T09:24:00Z
01KCXK1QC125HRA2J9FDTX31HG,01KCXK1QBGYPAT3J4QMFWBCDS2,01KCXGG0TN0001H0Q1FW2DP0SG,2025-12-02T09:24:00Z
01KCXK1QC1PFKQKN09YSW7S9JT,01KCXK1QBGYPAT3J4QMFWBCDS2,01KCXGG0TN0001H0Q1FW2DQNH0,2025-12-02T09:24:00Z
01KCXK1QC2BK64RVTCR0Q65A3M,01KCXK1QBGYPAT3J4QMFWBCDS2,01KCXGG0TN0001H0Q1FW2DS998,2025-12-02T09:24:00Z
01KCXK1QC2EEM7ET6CEP9MTQ7Z,01KCXK1QBGYPAT3J4QMFWBCDS2,01KCXGG0TN0001H0Q1FW2DTY0R,2025-12-02T09:24:00Z
01KCXK1QC3TW5JEEDE8KGDV9M1,01KCXK1QBGYPAT3J4QMFWBCDS2,01KCXGG0TN0001H0Q1FW2DWJR8,2025-12-02T09:24:00Z
01KCXK1QC3YQCVR9X44Q1VCHQM,01KCXK1QBGYPAT3J4QMFWBCDS2,01KCXGG0TN0001H0Q1FW2DYADG,2025-12-02T09:24:00Z
01KCXK1QC498NMNKRD25F0KJNF,01KCXK1QBGYPAT3J4QMFWBCDS2,01KCXGG0TN0001H0Q1FW2E0048,2025-12-02T09:24:00Z
01KCXK1QC4HTF1BACNP65J2ZWY,01KCXK1QBGYPAT3J4QMFWBCDS2,01KCXGG0TN0001H0Q1FW2E1MVR,2025-12-02T09:24:00Z
01KCXK1QC5RE7RPV1RP6194YV1,01KCXK1QBGYPAT3J4QMFWBCDS2,01KCXGG0TN0001H0Q1FW2E39K8,2025-12-02T09:24:00Z
01KCXK1QC6X39VVWVWWY67NFZB,01KCXK1QBGYPAT3J4QMFWBCDS2,01KCXGG0TN0001H0Q1FW2E4YAR,2025-12-02T09:24:00Z
01KCXK1QC7AXVY24MWRFXB0AZF,01KCXK1QBGYPAT3J4QMFWBCDS2,01KCXGG0TN0001H0Q1FW2E6K28,2025-12-02T09:24:00Z
01KCXK1QC72FA3C61D71073QRT,01KCXK1QBGYPAT3J4QMFWBCDS2,01KCXGG0TN0001H0Q1FW2E87SR,2025-12-02T09:24:00Z
01KCXK1QC8PWHNF5VDAMVGMV2M,01KCXK1QBGYPAT3J4QMFWBCDS2,01KCXGG0TN0001H0Q1FW2E9WH8,2025-12-02T09:24:00Z
01KCXK1QC8Y9PHJW6ETQGRC2QC,01KCXK1QBGYPAT3J4QMFWBCDS2,01KCXGG0TN0001H0Q1FW2EBH8R,2025-12-02T09:24:00Z
01KCXK1QC934G6CQM03FP39E2Z,01KCXK1QBGYPAT3J4QMFWBCDS2,01KCXGG0TN0001H0Q1FW2ED608,2025-12-02T09:24:00Z
01KCXK1QC9NEGWMFSHQWVXHBAV,01KCXK1QBGYPAT3J4QMFWBCDS2,01KCXGG0TP0001H0Q1FW2EEWP8,2025-12-02T09:24:00Z
01KCXK1QCAN5HAGJAZYJB0BC30,01KCXK1QBGYPAT3J4QMFWBCDS2,01KCXGG0TP0001H0Q1FW2EGMBG,2025-12-02T09:24:00Z
01KCXK1QCAJPPXFCSDWV8JFCMK,01KCXK1QBGYPAT3J4QMFWBCDS2,01KCXGG0TP0001H0Q1FW2EJ83R,2025-12-02T09:24:00Z
01KCXK1QCB7HDKBX2Y1C648WKQ,01KCXK1QBGYPAT3J4QMFWBCDS2,01KCXGG0TP0001H0Q1FW2EKVW0,2025-12-02T09:24:00Z
01KCXK1QCCQZTNHFV1219ZR4A7,01KCXK1QBGYPAT3J4QMFWBCDS2,01KCXGG0TP0001H0Q1FW2ENGKG,2025-12-02T09:24:00Z
01KCXK1QCCESY1ACS9Y07F5NM1,01KCXK1QBGYPAT3J4QMFWBCDS2,01KCXGG0TP0001H0Q1FW2EQ5B0,2025-12-02T09:24:00Z
01KCXK1QCDKMA18D8JTK93RZVZ,01KCXK1QBGYPAT3J4QMFWBCDS2,01KCXGG0TP0001H0Q1FW2ERT2G,2025-12-02T09:24:00Z
01KCXK1QCD2PEMGXWR8CQEE53D,01KCXK1QBGYPAT3J4QMFWBCDS2,01KCXGG0TP0001H0Q1FW2ETDTR,2025-12-02T09:24:00Z
01KCXK1QCDZV90SPK0JH66MQ78,01KCXK1QBGYPAT3J4QMFWBCDS2,01KCXGG0TP0001H0Q1FW2EW2J8,2025-12-02T09:24:00Z
01KCXK1QCEHS57VYHFSBZ9BS0P,01KCXK1QBGYPAT3J4QMFWBCDS2,01KCXGG0TP0001H0Q1FW2EXQ9R,2025-12-02T09:24:00Z
01KCXK1QCFVWAW4FS3G6SHV56Z,01KCXK1QCF6H57W5F1P0VMTCHN,01KCXGG0TP0001H0Q1FW2EZC18,2025-12-02T12:16:00Z
01KCXK1QCGK1XDWHPYYSS3MDR0,01KCXK1QCF6H57W5F1P0VMTCHN,01KCXGG0TP0001H0Q1FW2F10RR,2025-12-02T12:16:00Z
01KCXK1QCGH1HT03RCYG1S56ZH,01KCXK1QCF6H57W5F1P0VMTCHN,01KCXGG0TP0001H0Q1FW2F2NG8,2025-12-02T12:16:00Z
01KCXK1QCHQW3ZJ354D7RWYAJ8,01KCXK1QCF6H57W5F1P0VMTCHN,01KCXGG0TP0001H0Q1FW2F4A7R,2025-12-02T12:16:00Z
01KCXK1QCH2FK7GSANGK6TP1ST,01KCXK1QCF6H57W5F1P0VMTCHN,01KCXGG0TP0001H0Q1FW2F5Y00,2025-12-02T12:16:00Z
01KCXK1QCJ2JVK2GJP1ZRWT6YM,01KCXK1QCF6H57W5F1P0VMTCHN,01KCXGG0TP0001H0Q1FW2F7JQG,2025-12-02T12:16:00Z
01KCXK1QCJT7A3HGJ3S0FDA428,01KCXK1QCF6H57W5F1P0VMTCHN,01KCXGG0TP0001H0Q1FW2F9E9R,2025-12-02T12:16:00Z
01KCXK1QCKZ6MNXS5F4R0GDSSG,01KCXK1QCF6H57W5F1P0VMTCHN,01KCXGG0TP0001H0Q1FW2FB318,2025-12-02T12:16:00Z
01KCXK1QCM591173SXJC052F2X,01KCXK1QCF6H57W5F1P0VMTCHN,01KCXGG0TQ0001H0Q1FW2FCQRR,2025-12-02T12:16:00Z
01KCXK1QCMEPWRYRAG5F3PWYM7,01KCXK1QCF6H57W5F1P0VMTCHN,01KCXGG0TQ0001H0Q1FW2FEBH0,2025-12-02T12:16:00Z
01KCXK1QCN6GAVJB7MMQQSNVDR,01KCXK1QCF6H57W5F1P0VMTCHN,01KCXGG0TQ0001H0Q1FW2FG08G,2025-12-02T12:16:00Z
01KCXK1QCNEQ24RJT8N2EE87K7,01KCXK1QCF6H57W5F1P0VMTCHN,01KCXGG0TQ0001H0Q1FW2FHM0R,2025-12-02T12:16:00Z
01KCXK1QCPAA2WZSDHRVEB8BYK,01KCXK1QCF6H57W5F1P0VMTCHN,01KCXGG0TQ0001H0Q1FW2FK8R8,2025-12-02T12:16:00Z
01KCXK1QCP7TVTBF9NPCCEXG16,01KCXK1QCF6H57W5F1P0VMTCHN,01KCXGG0TQ0001H0Q1FW2FMXFR,2025-12-02T12:16:00Z
01KCXK1QCQ0CXRTBTFBG67HC7C,01KCXK1QCF6H57W5F1P0VMTCHN,01KCXGG0TQ0001H0Q1FW2FPJ78,2025-12-02T12:16:00Z
01KCXK1QCQ34T5GY6JE67NNHZA,01KCXK1QCF6H57W5F1P0VMTCHN,01KCXGG0TQ0001H0Q1FW2FR6YR,2025-12-02T12:16:00Z
01KCXK1QCR2YXT6MPZARYBGGHD,01KCXK1QCF6H57W5F1P0VMTCHN,01KCXGG0TQ0001H0Q1FW2FT4FG,2025-12-02T12:16:00Z
01KCXK1QCRPRF1WKGY4N7TCMD7,01KCXK1QCF6H57W5F1P0VMTCHN,01KCXGG0TQ0001H0Q1FW2FVS70,2025-12-02T12:16:00Z
01KCXK1QCRS04JGQQH1GBY21VG,01KCXK1QCF6H57W5F1P0VMTCHN,01KCXGG0TQ0001H0Q1FW2FXDYG,2025-12-02T12:16:00Z
01KCXK1QCSY45N51GHB1CP1G3V,01KCXK1QCF6H57W5F1P0VMTCHN,01KCXGG0TQ0001H0Q1FW2FZ2P0,2025-12-02T12:16:00Z
01KCXK1QCS3FG8EPZMWWPW48FJ,01KCXK1QCF6H57W5F1P0VMTCHN,01KCXGG0TQ0001H0Q1FW2G0PE8,2025-12-02T12:16:00Z
01KCXK1QCTJZ7MD9AEZQ44S80Y,01KCXK1QCF6H57W5F1P0VMTCHN,01KCXGG0TQ0001H0Q1FW2G2G20,2025-12-02T12:16:00Z
01KCXK1QCTVSWAQYFH5NSC66G0,01KCXK1QCF6H57W5F1P0VMTCHN,01KCXGG0TQ0001H0Q1FW2G43T8,2025-12-02T12:16:00Z
01KCXK1QCVF2FXJQ3HWG6ZR2HS,01KCXK1QCF6H57W5F1P0VMTCHN,01KCXGG0TQ0001H0Q1FW2G5RHR,2025-12-02T12:16:00Z
01KCXK1QCVSWN7E4DJ9VNTADVV,01KCXK1QCF6H57W5F1P0VMTCHN,01KCXGG0TQ0001H0Q1FW2G7CA0,2025-12-02T12:16:00Z
01KCXK1QCWJN9JZHNJ76WGCXDF,01KCXK1QCF6H57W5F1P0VMTCHN,01KCXGG0TQ0001H0Q1FW2G911G,2025-12-02T12:16:00Z
01KCXK1QCWRPT2D15HWM647EJE,01KCXK1QCF6H57W5F1P0VMTCHN,01KCXGG0TQ0001H0Q1FW2GAMSR,2025-12-02T12:16:00Z
01KCXK1QCXGNF7VWKRGT5G9NAE,01KCXK1QCF6H57W5F1P0VMTCHN,01KCXGG0TR0001H0Q1FW2GC8J0,2025-12-02T12:16:00Z
01KCXK1QCXR43EPDR7XVGZ9Q2B,01KCXK1QCF6H57W5F1P0VMTCHN,01KCXGG0TR0001H0Q1FW2GDX9G,2025-12-02T12:16:00Z
01KCXK1QCY8PAY8DCQAYD584NT,01KCXK1QCF6H57W5F1P0VMTCHN,01KCXGG0TR0001H0Q1FW2GFJ10,2025-12-02T12:16:00Z
01KCXK1QCZ38Z1AAGAZ1CS86PX,01KCXK1QCF6H57W5F1P0VMTCHN,01KCXGG0TR0001H0Q1FW2GH5S8,2025-12-02T12:16:00Z
01KCXK1QCZDFEMN5QGWXKYQ3J3,01KCXK1QCF6H57W5F1P0VMTCHN,01KCXGG0TR0001H0Q1FW2GKA4R,2025-12-02T12:16:00Z
01KCXK1QD3XS7VP9BGDZ3WZ31E,01KCXK1QD01J4X7X33G4HT5ZWD,01KCXGG0TR0001H0Q1FW2GMYW8,2025-12-02T14:57:00Z
01KCXK1QD57HCZ3NCBFCYB8KTD,01KCXK1QD01J4X7X33G4HT5ZWD,01KCXGG0TR0001H0Q1FW2GPKKR,2025-12-02T14:57:00Z
01KCXK1QD5T1A98MYEGS49DMMR,01KCXK1QD01J4X7X33G4HT5ZWD,01KCXGG0TR0001H0Q1FW2GRB90,2025-12-02T14:57:00Z
01KCXK1QD69NTZ38H4AYJWM4EN,01KCXK1QD01J4X7X33G4HT5ZWD,01KCXGG0TR0001H0Q1FW2GT00G,2025-12-02T14:57:00Z
01KCXK1QD6Z25TS6YJFAW8BYJZ,01KCXK1QD01J4X7X33G4HT5ZWD,01KCXGG0TR0001H0Q1FW2GVTKG,2025-12-02T14:57:00Z
01KCXK1QD7MT7M8KAMDKDBHDD9,01KCXK1QD01J4X7X33G4HT5ZWD,01KCXGG0TR0001H0Q1FW2GXEBR,2025-12-02T14:57:00Z
01KCXK1QD7G0785G7P0NWNA9MA,01KCXK1QD01J4X7X33G4HT5ZWD,01KCXGG0TR0001H0Q1FW2GZ51R,2025-12-02T14:57:00Z
01KCXK1QD8J0ZK8NVB7TT40QMV,01KCXK1QD01J4X7X33G4HT5ZWD,01KCXGG0TR0001H0Q1FW2H0SS8,2025-12-02T14:57:00Z
01KCXK1QD8VC4ZXN88CHXEYWG0,01KCXK1QD01J4X7X33G4HT5ZWD,01KCXGG0TR0001H0Q1FW2H2EGR,2025-12-02T14:57:00Z
01KCXK1QD9J63XMM4NB872W96W,01KCXK1QD01J4X7X33G4HT5ZWD,01KCXGG0TR0001H0Q1FW2H4290,2025-12-02T14:57:00Z
01KCXK1QD9MNW0VYZW31MVWYNM,01KCXK1QD01J4X7X33G4HT5ZWD,01KCXGG0TR0001H0Q1FW2H5P18,2025-12-02T14:57:00Z
01KCXK1QDAYRBYFGSMZQC8AXSF,01KCXK1QD01J4X7X33G4HT5ZWD,01KCXGG0TR0001H0Q1FW2H79SG,2025-12-02T14:57:00Z
01KCXK1QDBTNKJWYBR1GVF1G5G,01KCXK1QD01J4X7X33G4HT5ZWD,01KCXGG0TR0001H0Q1FW2H9B78,2025-12-02T14:57:00Z
01KCXK1QDBDW3Y8E0NWRX9CN8W,01KCXK1QD01J4X7X33G4HT5ZWD,01KCXGG0TS0001H0Q1FW2HAZYR,2025-12-02T14:57:00Z
01KCXK1QDCJK71PEX949KA02S6,01KCXK1QD01J4X7X33G4HT5ZWD,01KCXGG0TS0001H0Q1FW2HCKQ0,2025-12-02T14:57:00Z
01KCXK1QDCFQJNZVF7EFTRJ5PY,01KCXK1QD01J4X7X33G4HT5ZWD,01KCXGG0TS0001H0Q1FW2HE8EG,2025-12-02T14:57:00Z
01KCXK1QDD5KTC0RT7EVW3B2WX,01KCXK1QD01J4X7X33G4HT5ZWD,01KCXGG0TS0001H0Q1FW2HG03R,2025-12-02T14:57:00Z
01KCXK1QDD7YCR8YT95XPG0796,01KCXK1QD01J4X7X33G4HT5ZWD,01KCXGG0TS0001H0Q1FW2HHQS0,2025-12-02T14:57:00Z
01KCXK1QDDJ3W1ZAEAE7GHJDFH,01KCXK1QD01J4X7X33G4HT5ZWD,01KCXGG0TS0001H0Q1FW2HKGDG,2025-12-02T14:57:00Z
01KCXK1QDE0E457C7NPZ8HKB44,01KCXK1QD01J4X7X33G4HT5ZWD,01KCXGG0TS0001H0Q1FW2HN648,2025-12-02T14:57:00Z
01KCXK1QDE2RH4XT81NE704C6F,01KCXK1QD01J4X7X33G4HT5ZWD,01KCXGG0TS0001H0Q1FW2HPYRR,2025-12-02T14:57:00Z
01KCXK1QDFYVNF00A9D7R58GTV,01KCXK1QD01J4X7X33G4HT5ZWD,01KCXGG0TS0001H0Q1FW2HS06G,2025-12-02T14:57:00Z
01KCXK1QDFFMWTHQRZS12TQWH7,01KCXK1QD01J4X7X33G4HT5ZWD,01KCXGG0TS0001H0Q1FW2HTNX8,2025-12-02T14:57:00Z
01KCXK1QDGZBERQ0050BX7YFX0,01KCXK1QD01J4X7X33G4HT5ZWD,01KCXGG0TS0001H0Q1FW2HWAMR,2025-12-02T14:57:00Z
01KCXK1QDGM2542M04VBV4BRZF,01KCXK1QD01J4X7X33G4HT5ZWD,01KCXGG0TS0001H0Q1FW2HXYD0,2025-12-02T14:57:00Z
01KCXK1QDH70AP595TW2JX7HJQ,01KCXK1QD01J4X7X33G4HT5ZWD,01KCXGG0TS0001H0Q1FW2HZK4G,2025-12-02T14:57:00Z
01KCXK1QDHM0N2NNYA21110VK8,01KCXK1QD01J4X7X33G4HT5ZWD,01KCXGG0TS0001H0Q1FW2J1NHG,2025-12-02T14:57:00Z
01KCXK1QDKHTMENZG1RT9336AM,01KCXK1QD01J4X7X33G4HT5ZWD,01KCXGG0TS0001H0Q1FW2J399R,2025-12-02T14:57:00Z
01KCXK1QDK29WV30DHXGGF012D,01KCXK1QD01J4X7X33G4HT5ZWD,01KCXGG0TS0001H0Q1FW2J4X20,2025-12-02T14:57:00Z
01KCXK1QDME7K1TDW451WXY61K,01KCXK1QD01J4X7X33G4HT5ZWD,01KCXGG0TS0001H0Q1FW2J6HSG,2025-12-02T14:57:00Z
01KCXK1QDNP3R6Y6SE0F9H00R0,01KCXK1QD01J4X7X33G4HT5ZWD,01KCXGG0TT0001H0Q1FW2J8DBR,2025-12-02T14:57:00Z
01KCXK1QDPYG3HBH6847P465ZF,01KCXK1QD01J4X7X33G4HT5ZWD,01KCXGG0TT0001H0Q1FW2JA140,2025-12-02T14:57:00Z
01KCXK1QDQ0G3SJFERB1ZR271R,01KCXK1QDQF6VN081RYP6A0W49,01KCXGG0TT0001H0Q1FW2JBNVG,2025-12-02T16:17:00Z
01KCXK1QDRNJXXZH0KQX4GXQQX,01KCXK1QDQF6VN081RYP6A0W49,01KCXGG0TT0001H0Q1FW2JD9KR,2025-12-02T16:17:00Z
01KCXK1QDS1M4WS2FKZSKBWSZW,01KCXK1QDQF6VN081RYP6A0W49,01KCXGG0TT0001H0Q1FW2JF37G,2025-12-02T16:17:00Z
01KCXK1QDTCQ5C5G3RZ78ARY0M,01KCXK1QDQF6VN081RYP6A0W49,01KCXGG0TT0001H0Q1FW2JGSXG,2025-12-02T16:17:00Z
01KCXK1QDVJ8W1E4XBD35G2Q88,01KCXK1QDQF6VN081RYP6A0W49,01KCXGG0TT0001H0Q1FW2JJEN0,2025-12-02T16:17:00Z
01KCXK1QDWQ6NJ6A37WVWZ7FVS,01KCXK1QDQF6VN081RYP6A0W49,01KCXGG0TT0001H0Q1FW2JM3CG,2025-12-02T16:17:00Z
01KCXK1QDXMVT4QJYTJ3MM8CHP,01KCXK1QDQF6VN081RYP6A0W49,01KCXGG0TT0001H0Q1FW2JNQ4R,2025-12-02T16:17:00Z
01KCXK1QDZVX5KTH6W1AGGTJ5E,01KCXK1QDQF6VN081RYP6A0W49,01KCXGG0TT0001H0Q1FW2JQBW8,2025-12-02T16:17:00Z
01KCXK1QE01JGPT96VG983J02Y,01KCXK1QDQF6VN081RYP6A0W49,01KCXGG0TT0001H0Q1FW2JS0KR,2025-12-02T16:17:00Z
01KCXK1QE14KD4PATC3GTBVKW5,01KCXK1QDQF6VN081RYP6A0W49,01KCXGG0TT0001H0Q1FW2JTMC0,2025-12-02T16:17:00Z
01KCXK1QE241V4FBZVGMBARVYA,01KCXK1QDQF6VN081RYP6A0W49,01KCXGG0TT0001H0Q1FW2JW848,2025-12-02T16:17:00Z
01KCXK1QE320AXNS844E4XYXHM,01KCXK1QDQF6VN081RYP6A0W49,01KCXGG0TT0001H0Q1FW2JXWVR,2025-12-02T16:17:00Z
01KCXK1QE4PV82PNVZ1FAFVXMP,01KCXK1QDQF6VN081RYP6A0W49,01KCXGG0TT0001H0Q1FW2JZJJG,2025-12-02T16:17:00Z
01KCXK1QE56J82CKQBNRY839CZ,01KCXK1QDQF6VN081RYP6A0W49,01KCXGG0TT0001H0Q1FW2K17A0,2025-12-02T16:17:00Z
01KCXK1QE69AC8TBW9GV96TDKK,01KCXK1QDQF6VN081RYP6A0W49,01KCXGG0TT0001H0Q1FW2K2W1G,2025-12-02T16:17:00Z
01KCXK1QE72143MHAWDXW0SG89,01KCXK1QDQF6VN081RYP6A0W49,01KCXGG0TT0001H0Q1FW2K4FSR,2025-12-02T16:17:00Z
01KCXK1QE80YEN2WS5D0F1EX84,01KCXK1QDQF6VN081RYP6A0W49,01KCXGG0TT0001H0Q1FW2K64H8,2025-12-02T16:17:00Z
01KCXK1QE96H8G4FYJPEVYVPD0,01KCXK1QDQF6VN081RYP6A0W49,01KCXGG0TV0001H0Q1FW2K7X5R,2025-12-02T16:17:00Z
01KCXK1QEA5E22YWKMN5R0JZQP,01KCXK1QDQF6VN081RYP6A0W49,01KCXGG0TV0001H0Q1FW2K9KVR,2025-12-02T16:17:00Z
01KCXK1QEBAWMGG0DMDR2XXWM3,01KCXK1QDQF6VN081RYP6A0W49,01KCXGG0TV0001H0Q1FW2KB7M0,2025-12-02T16:17:00Z
01KCXK1QEBSV6HFZJQBR4RKQND,01KCXK1QDQF6VN081RYP6A0W49,01KCXGG0TV0001H0Q1FW2KCVC8,2025-12-02T16:17:00Z
01KCXK1QEDJY6NYX9Q4BR1KXZA,01KCXK1QDQF6VN081RYP6A0W49,01KCXGG0TV0001H0Q1FW2KEJ28,2025-12-02T16:17:00Z
01KCXK1QEEFDAY1QTBREAY45BW,01KCXK1QDQF6VN081RYP6A0W49,01KCXGG0TV0001H0Q1FW2KG6SR,2025-12-02T16:17:00Z
01KCXK1QEF6HNFCSJCDS4HP2YW,01KCXK1QDQF6VN081RYP6A0W49,01KCXGG0TV0001H0Q1FW2KHVH8,2025-12-02T16:17:00Z
01KCXK1QEGK33RTX3BW9Q8QS0G,01KCXK1QDQF6VN081RYP6A0W49,01KCXGG0TV0001H0Q1FW2KKR2R,2025-12-02T16:17:00Z
01KCXK1QEHXGW87H8HGR7T54PQ,01KCXK1QDQF6VN081RYP6A0W49,01KCXGG0TV0001H0Q1FW2KP1AG,2025-12-02T16:17:00Z
01KCXK1QEJVQETWRE2AAFTAC0A,01KCXK1QDQF6VN081RYP6A0W49,01KCXGG0TV0001H0Q1FW2KQRZR,2025-12-02T16:17:00Z
01KCXK1QEMXX1D855EHJPYDVAT,01KCXK1QDQF6VN081RYP6A0W49,01KCXGG0TV0001H0Q1FW2KSCR0,2025-12-02T16:17:00Z
01KCXK1QEPH5N9EX1DW78R84PD,01KCXK1QDQF6VN081RYP6A0W49,01KCXGG0TV0001H0Q1FW2KV0G8,2025-12-02T16:17:00Z
01KCXK1QEQ0P573RSPQMYV7JW7,01KCXK1QDQF6VN081RYP6A0W49,01KCXGG0TV0001H0Q1FW2KWN7R,2025-12-02T16:17:00Z
01KCXK1QES183ZWRA14ZS5CTV6,01KCXK1QDQF6VN081RYP6A0W49,01KCXGG0TV0001H0Q1FW2KY9Z8,2025-12-02T16:17:00Z
01KCXK1QET9405BY53PXSRRDX7,01KCXK1QDQF6VN081RYP6A0W49,01KCXGG0TV0001H0Q1FW2KZXQG,2025-12-02T16:17:00Z
01KCXK1QEV8NQ6ZN6ZNFR3ZGG9,01KCXK1QEVP9ENN8C9V15YY8S0,01KCXGG0TV0001H0Q1FW2M1MDG,2025-12-02T16:43:00Z
01KCXK1QF5BZYKQ4Q13NZXQFPV,01KCXK1QEVP9ENN8C9V15YY8S0,01KCXGG0TV0001H0Q1FW2M3F0G,2025-12-02T16:43:00Z
01KCXK1QF6CDEB84W80XKWP8TJ,01KCXK1QEVP9ENN8C9V15YY8S0,01KCXGG0TV0001H0Q1FW2M52RR,2025-12-02T16:43:00Z
01KCXK1QF7A770H28M4RR011X0,01KCXK1QEVP9ENN8C9V15YY8S0,01KCXGG0TW0001H0Q1FW2M6YB0,2025-12-02T16:43:00Z
01KCXK1QF8ZJB8VR6MN6JB7ZX3,01KCXK1QEVP9ENN8C9V15YY8S0,01KCXGG0TW0001H0Q1FW2M8J38,2025-12-02T16:43:00Z
01KCXK1QF9WTJBPNDPK1QV44B2,01KCXK1QEVP9ENN8C9V15YY8S0,01KCXGG0TW0001H0Q1FW2MA6TR,2025-12-02T16:43:00Z
01KCXK1QFA90XW5RK0FS6475F5,01KCXK1QEVP9ENN8C9V15YY8S0,01KCXGG0TW0001H0Q1FW2MBTK0,2025-12-02T16:43:00Z
01KCXK1QFB27MT3R2A0990E2FX,01KCXK1QEVP9ENN8C9V15YY8S0,01KCXGG0TW0001H0Q1FW2MDFAG,2025-12-02T16:43:00Z
01KCXK1QFCS7MKB05956RR9ZJT,01KCXK1QEVP9ENN8C9V15YY8S0,01KCXGG0TW0001H0Q1FW2MF420,2025-12-02T16:43:00Z
01KCXK1QFDT1MTMSPMH9JXKDNG,01KCXK1QEVP9ENN8C9V15YY8S0,01KCXGG0TW0001H0Q1FW2MGQT8,2025-12-02T16:43:00Z
01KCXK1QFDYP0T96T6KY7QV1QK,01KCXK1QEVP9ENN8C9V15YY8S0,01KCXGG0TW0001H0Q1FW2MJFFG,2025-12-02T16:43:00Z
01KCXK1QFEH66K6K8WVHSVP3KG,01KCXK1QEVP9ENN8C9V15YY8S0,01KCXGG0TW0001H0Q1FW2MM37R,2025-12-02T16:43:00Z
01KCXK1QFFMHW4QZV4DA80HHN5,01KCXK1QEVP9ENN8C9V15YY8S0,01KCXGG0TW0001H0Q1FW2MNQ00,2025-12-02T16:43:00Z
01KCXK1QFGT6SJD6BABA5WKASJ,01KCXK1QEVP9ENN8C9V15YY8S0,01KCXGG0TW0001H0Q1FW2MQBQG,2025-12-02T16:43:00Z
01KCXK1QFJJDJQ166G51SYSWKR,01KCXK1QEVP9ENN8C9V15YY8S0,01KCXGG0TW0001H0Q1FW2MS79R,2025-12-02T16:43:00Z
01KCXK1QFKFWFSYDN2PJS7MNGW,01KCXK1QEVP9ENN8C9V15YY8S0,01KCXGG0TW0001H0Q1FW2MTYZ0,2025-12-02T16:43:00Z
01KCXK1QFKKMQDK14V0GF3GMS5,01KCXK1QEVP9ENN8C9V15YY8S0,01KCXGG0TW0001H0Q1FW2MWWFR,2025-12-02T16:43:00Z
01KCXK1QFM57VTB6P72YPSK34D,01KCXK1QEVP9ENN8C9V15YY8S0,01KCXGG0TW0001H0Q1FW2MYG80,2025-12-02T16:43:00Z
01KCXK1QFNKEDP4K5WST77C200,01KCXK1QEVP9ENN8C9V15YY8S0,01KCXGG0TW0001H0Q1FW2N0NJR,2025-12-02T16:43:00Z
01KCXK1QFPTM5MNNKBA2CX3EJ1,01KCXK1QEVP9ENN8C9V15YY8S0,01KCXGG0TW0001H0Q1FW2N2D80,2025-12-02T16:43:00Z
01KCXK1QFQAYHQTBXNHR3XRY28,01KCXK1QEVP9ENN8C9V15YY8S0,01KCXGG0TX0001H0Q1FW2N42YR,2025-12-02T16:43:00Z
01KCXK1QFRSRAEZA3XJR34K5NE,01KCXK1QEVP9ENN8C9V15YY8S0,01KCXGG0TX0001H0Q1FW2N5QP8,2025-12-02T16:43:00Z
01KCXK1QFSAKCXJXJWZAZBVJ0X,01KCXK1QEVP9ENN8C9V15YY8S0,01KCXGG0TX0001H0Q1FW2N7DD0,2025-12-02T16:43:00Z
01KCXK1QFVD9F15JKZVZWZKYZJ,01KCXK1QEVP9ENN8C9V15YY8S0,01KCXGG0TX0001H0Q1FW2N9158,2025-12-02T16:43:00Z
01KCXK1QFWPDDKFQYSGK5GAXV8,01KCXK1QEVP9ENN8C9V15YY8S0,01KCXGG0TX0001H0Q1FW2NAMXG,2025-12-02T16:43:00Z
01KCXK1QFXTQAYSPPP48X0JFCN,01KCXK1QEVP9ENN8C9V15YY8S0,01KCXGG0TX0001H0Q1FW2NC9N0,2025-12-02T16:43:00Z
01KCXK1QFY9M6KRV0VWE76EGS7,01KCXK1QEVP9ENN8C9V15YY8S0,01KCXGG0TX0001H0Q1FW2NEGY8,2025-12-02T16:43:00Z
01KCXK1QFZR0TGH78P30F2R4QP,01KCXK1QEVP9ENN8C9V15YY8S0,01KCXGG0TX0001H0Q1FW2NG4PG,2025-12-02T16:43:00Z
01KCXK1QG0AW7APP37P83AMC3K,01KCXK1QEVP9ENN8C9V15YY8S0,01KCXGG0TX0001H0Q1FW2NHTD8,2025-12-02T16:43:00Z
01KCXK1QG1M1ET55M6Z4X23ESM,01KCXK1QEVP9ENN8C9V15YY8S0,01KCXGG0TX0001H0Q1FW2NKF4R,2025-12-02T16:43:00Z
01KCXK1QG2QW7Z1YSYQDDNRYFJ,01KCXK1QEVP9ENN8C9V15YY8S0,01KCXGG0TX0001H0Q1FW2NN9QR,2025-12-02T16:43:00Z
01KCXK1QG3FNWESV2NS5Z7CHCX,01KCXK1QEVP9ENN8C9V15YY8S0,01KCXGG0TX0001H0Q1FW2NPWGR,2025-12-02T16:43:00Z
01KCXK1QG4J040RCVXYFH3QJK0,01KCXK1QG4QGEZHWS4REP474B2,01KCXGG0TM0001H0Q1FW2D90S0,2025-12-02T18:52:00Z
01KCXK1QG4FP1T63XET0W04KNV,01KCXK1QG4QGEZHWS4REP474B2,01KCXGG0TM0001H0Q1FW2DANGG,2025-12-02T18:52:00Z
01KCXK1QG51TER3PNZRM9TMQZ8,01KCXK1QG4QGEZHWS4REP474B2,01KCXGG0TM0001H0Q1FW2DCA80,2025-12-02T18:52:00Z
01KCXK1QG6GR369SNGR841V42T,01KCXK1QG4QGEZHWS4REP474B2,01KCXGG0TM0001H0Q1FW2DF158,2025-12-02T18:52:00Z
01KCXK1QG64EY45SZ8XXX20WZ1,01KCXK1QG4QGEZHWS4REP474B2,01KCXGG0TN0001H0Q1FW2DGRTG,2025-12-02T18:52:00Z
01KCXK1QG7776SEK217P75G4T5,01KCXK1QG4QGEZHWS4REP474B2,01KCXGG0TN0001H0Q1FW2DJDJ0,2025-12-02T18:52:00Z
01KCXK1QG851XMECTHN5KCFMPV,01KCXK1QG4QGEZHWS4REP474B2,01KCXGG0TN0001H0Q1FW2DM66G,2025-12-02T18:52:00Z
01KCXK1QG8GYKS7SDPM285003P,01KCXK1QG4QGEZHWS4REP474B2,01KCXGG0TN0001H0Q1FW2DP0SG,2025-12-02T18:52:00Z
01KCXK1QG9GVQHJKNNWZQ5Y64G,01KCXK1QG4QGEZHWS4REP474B2,01KCXGG0TN0001H0Q1FW2DQNH0,2025-12-02T18:52:00Z
01KCXK1QG9DCH02VGD2S4KNCY6,01KCXK1QG4QGEZHWS4REP474B2,01KCXGG0TN0001H0Q1FW2DS998,2025-12-02T18:52:00Z
01KCXK1QG9F13AGV080XQXEGTW,01KCXK1QG4QGEZHWS4REP474B2,01KCXGG0TN0001H0Q1FW2DTY0R,2025-12-02T18:52:00Z
01KCXK1QGAKEE8DPTMVYQ686E0,01KCXK1QG4QGEZHWS4REP474B2,01KCXGG0TN0001H0Q1FW2DWJR8,2025-12-02T18:52:00Z
01KCXK1QGBMA11YGFW1E0TW9YG,01KCXK1QG4QGEZHWS4REP474B2,01KCXGG0TN0001H0Q1FW2DYADG,2025-12-02T18:52:00Z
01KCXK1QGBBRCFPRMZJHHJ85QP,01KCXK1QG4QGEZHWS4REP474B2,01KCXGG0TN0001H0Q1FW2E0048,2025-12-02T18:52:00Z
01KCXK1QGBCFJDTZP0P8XHNQ8C,01KCXK1QG4QGEZHWS4REP474B2,01KCXGG0TN0001H0Q1FW2E1MVR,2025-12-02T18:52:00Z
01KCXK1QGC22329FJ4BM5MC5BM,01KCXK1QG4QGEZHWS4REP474B2,01KCXGG0TN0001H0Q1FW2E39K8,2025-12-02T18:52:00Z
01KCXK1QGD2H924DZ0W8WPVXP6,01KCXK1QG4QGEZHWS4REP474B2,01KCXGG0TN0001H0Q1FW2E4YAR,2025-12-02T18:52:00Z
01KCXK1QGD4NJ396832100CVQK,01KCXK1QG4QGEZHWS4REP474B2,01KCXGG0TN0001H0Q1FW2E6K28,2025-12-02T18:52:00Z
01KCXK1QGE4CMNHMMFZ928VMY7,01KCXK1QG4QGEZHWS4REP474B2,01KCXGG0TN0001H0Q1FW2E87SR,2025-12-02T18:52:00Z
01KCXK1QGE1VKS2C64CVVB82K1,01KCXK1QG4QGEZHWS4REP474B2,01KCXGG0TN0001H0Q1FW2E9WH8,2025-12-02T18:52:00Z
01KCXK1QGFZHM828ZYE9SC6TSP,01KCXK1QG4QGEZHWS4REP474B2,01KCXGG0TN0001H0Q1FW2EBH8R,2025-12-02T18:52:00Z
01KCXK1QGFJ39BP1R6MWSMBKK8,01KCXK1QG4QGEZHWS4REP474B2,01KCXGG0TN0001H0Q1FW2ED608,2025-12-02T18:52:00Z
01KCXK1QGG46DCXRQF8Y6DSMBG,01KCXK1QG4QGEZHWS4REP474B2,01KCXGG0TP0001H0Q1FW2EEWP8,2025-12-02T18:52:00Z
01KCXK1QGGYDK7YVVT7KYEM7X6,01KCXK1QG4QGEZHWS4REP474B2,01KCXGG0TP0001H0Q1FW2EGMBG,2025-12-02T18:52:00Z
01KCXK1QGHHJ6TMWSH9P0FX5NN,01KCXK1QG4QGEZHWS4REP474B2,01KCXGG0TP0001H0Q1FW2EJ83R,2025-12-02T18:52:00Z
01KCXK1QGHW9ZNMQ6FMBTEQQPS,01KCXK1QG4QGEZHWS4REP474B2,01KCXGG0TP0001H0Q1FW2EKVW0,2025-12-02T18:52:00Z
01KCXK1QGJR3Z8G9E4265QTDNA,01KCXK1QG4QGEZHWS4REP474B2,01KCXGG0TP0001H0Q1FW2ENGKG,2025-12-02T18:52:00Z
01KCXK1QGJCC1WBB5T1WKB1YNR,01KCXK1QG4QGEZHWS4REP474B2,01KCXGG0TP0001H0Q1FW2EQ5B0,2025-12-02T18:52:00Z
01KCXK1QGJ4ZF4N4XT0Z85RXRC,01KCXK1QG4QGEZHWS4REP474B2,01KCXGG0TP0001H0Q1FW2ERT2G,2025-12-02T18:52:00Z
01KCXK1QGKSS06EX11YHXB7XXV,01KCXK1QG4QGEZHWS4REP474B2,01KCXGG0TP0001H0Q1FW2ETDTR,2025-12-02T18:52:00Z
01KCXK1QGKKQSGGY9BQ3XJQJS6,01KCXK1QG4QGEZHWS4REP474B2,01KCXGG0TP0001H0Q1FW2EW2J8,2025-12-02T18:52:00Z
01KCXK1QGMEST90CSM3BJ21MT8,01KCXK1QG4QGEZHWS4REP474B2,01KCXGG0TP0001H0Q1FW2EXQ9R,2025-12-02T18:52:00Z
