id,examResultQuestionId,answerId,answerValue,isCorrect,createdAt
01KCXK1Q2V5R7WDHQDKCDRAK9K,01KCXK1Q2TH70F3N3107YZX7EX,01KCXGG0TY0001H0Q1FW2PMNMR,will be sent,True,2025-12-01T09:00:00Z
01KCXK1Q2W5TFG1M6Q9KB0EEQZ,01KCXK1Q2VY9FJC4TZ2494BEFJ,01KCXGG0TY0001H0Q1FW2PTK38,at,True,2025-12-01T09:00:00Z
01KCXK1Q2XJB3YDW53Z795QQGG,01KCXK1Q2WX6Y4X1J25Q7ZJVD8,01KCXGG0TY0001H0Q1FW2PZT30,effective,True,2025-12-01T09:00:00Z
01KCXK1Q2YNJQTVQ6WB428VFMY,01KCXK1Q2XD8TV1MB3ZVVKQK61,01KCXGG0TZ0001H0Q1FW2Q81RG,however,False,2025-12-01T09:00:00Z
01KCXK1Q2YESM9GB8VXEQK0CFB,01KCXK1Q2Y6MEVKPYB3B1KY9DC,01KCXGG0TZ0001H0Q1FW2QAQPG,submitted,True,2025-12-01T09:00:00Z
01KCXK1Q2Z2MATACZD95HGSE38,01KCXK1Q2YY71FV3CMKD0HE6DG,01KCXGG0TZ0001H0Q1FW2QFWQR,information,True,2025-12-01T09:00:00Z
01KCXK1Q2ZCMBCPFR9YQ17ZH4T,01KCXK1Q2ZVHCY9EB6387YX7PZ,01KCXGG0TZ0001H0Q1FW2QN2R8,will explain,True,2025-12-01T09:00:00Z
01KCXK1Q30H5FA6DP4KYVQDBCC,01KCXK1Q2Z4XDPHXSXTQZJPEXK,01KCXGG0TZ0001H0Q1FW2QTHJ0,patience,True,2025-12-01T09:00:00Z
01KCXK1Q30WHFW3HTW3WPJ0TCT,01KCXK1Q30Z56VMNKBAXGHXE24,01KCXGG0V00001H0Q1FW2QZXE0,ships,True,2025-12-01T09:00:00Z
01KCXK1Q31HNATN2ZYX6WYD1K5,01KCXK1Q30PQ5XKCSBDVPQ5G8J,01KCXGG0V00001H0Q1FW2R7KH0,have verified,False,2025-12-01T09:00:00Z
01KCXK1Q323C07P8ZP8YAB7ASJ,01KCXK1Q31SKY0041PZ0MWYFGF,01KCXGG0V00001H0Q1FW2RA6H8,an initiative,True,2025-12-01T09:00:00Z
01KCXK1Q33EK164DQVBBN30E6G,01KCXK1Q3249CBCKF47YP2WR5E,01KCXGG0V00001H0Q1FW2RGHN8,whose,False,2025-12-01T09:00:00Z
01KCXK1Q33VG77PJD438B4BW1Q,01KCXK1Q332KFY3XHECC3BQ99Y,01KCXGG0V00001H0Q1FW2RMBQG,fill out,True,2025-12-01T09:00:00Z
01KCXK1Q34ZPWDS0RF46RN78CT,01KCXK1Q337HXTGT46HRSBRR7A,01KCXGG0V00001H0Q1FW2RSPM8,corrected,True,2025-12-01T09:00:00Z
01KCXK1Q349WH447GCD9FT4Y6P,01KCXK1Q346XK6RPT742G74ARZ,01KCXGG0V10001H0Q1FW2RYTP8,clearly,True,2025-12-01T09:00:00Z
01KCXK1Q35CHV2JZPZFQH58PYS,01KCXK1Q3490RTGPW8C3NWM347,01KCXGG0V10001H0Q1FW2S3YR8,due to,True,2025-12-01T09:00:00Z
01KCXK1Q36FD1PE1D5PXDJFBK9,01KCXK1Q35QTDSVEQX10S6P5Q7,01KCXGG0V10001H0Q1FW2SCZT8,efficiencies,False,2025-12-01T09:00:00Z
01KCXK1Q36KJ4YHA3WA6A8WY7M,01KCXK1Q36JGZ6DR4V4HDG6MQH,01KCXGG0V10001H0Q1FW2SE8TR,the,True,2025-12-01T09:00:00Z
01KCXK1Q36Z6HJG67BW3NTS0YH,01KCXK1Q36FHBNFQ7MRQT15C18,01KCXGG0V10001H0Q1FW2SKQMG,must,True,2025-12-01T09:00:00Z
01KCXK1Q37RZZM3TBF0A123VJH,01KCXK1Q36A7GC9XRKKQCQTG69,01KCXGG0V10001H0Q1FW2ST4Q0,otherwise,False,2025-12-01T09:00:00Z
01KCXK1Q3894D305EF1V2KCCX1,01KCXK1Q374YCG8W3XXR2NK4JD,01KCXGG0VY0001H0Q1FW3NH8D8,Assets = Liabilities + Equity,True,2025-12-01T09:00:00Z
01KCXK1Q39Z0FJ8S940AJ293DY,01KCXK1Q38PCHJ8ZPRSYSKDZXC,01KCXGG0VZ0001H0Q1FW3NP9HG,Liability,False,2025-12-01T09:00:00Z
01KCXK1Q39DGB20Q8XVBHJAN8A,01KCXK1Q39XYHCNV54KGTNAJCC,01KCXGG0VZ0001H0Q1FW3NWFS8,Allocate cost over time,True,2025-12-01T09:00:00Z
01KCXK1Q3ATGQ4EB3MD5B35SS7,01KCXK1Q39CW8CQZEH9WQ4P7W6,01KCXGG0VZ0001H0Q1FW3P3V4G,Trial balance,False,2025-12-01T09:00:00Z
01KCXK1Q3A8V60HAVTSE1MJKRW,01KCXK1Q3AFMTV82ZM4N75CK38,01KCXGG0VZ0001H0Q1FW3P698G,Money owed by customers,True,2025-12-01T09:00:00Z
01KCXK1Q3BZ087TQ94FFVDKD2P,01KCXK1Q3BHMENPPCQ60PZBWNT,01KCXGG0VZ0001H0Q1FW3PB4H8,Long-term loan,False,2025-12-01T09:00:00Z
01KCXK1Q3CNDJNGVPGE6RQ5TRB,01KCXK1Q3B6C07S5HBAVKGY2T1,01KCXGG0W00001H0Q1FW3PG6MR,Earned,True,2025-12-01T09:00:00Z
01KCXK1Q3CPQCD6FN7K39K1KDJ,01KCXK1Q3C1Z49E8CY179D988K,01KCXGG0W00001H0Q1FW3PPKQ8,Revenue − COGS,True,2025-12-01T09:00:00Z
01KCXK1Q3DSDF8FX1XH1HSXS4Q,01KCXK1Q3CB3G8KNNF4VY1NK8Z,01KCXGG0W00001H0Q1FW3PWQ18,Revenue,True,2025-12-01T09:00:00Z
01KCXK1Q3D0HJQDFQMGBCD4BKE,01KCXK1Q3DVW6MZ4V4ZGSW1G8T,01KCXGG0W00001H0Q1FW3Q0C78,Accuracy and fairness,True,2025-12-01T09:00:00Z
01KCXK1Q3E906A3YXQABWQ40J1,01KCXK1Q3DX9FC4QDWMDAT8V5E,01KCXGG0W00001H0Q1FW3Q41D8,Assets = Liabilities + Equity,True,2025-12-01T09:00:00Z
01KCXK1Q3E1SN9DGSR8M43ZKJM,01KCXK1Q3EZRFNVQ3Z96F2MVV6,01KCXGG0W00001H0Q1FW3QCQQG,Asset,True,2025-12-01T09:00:00Z
01KCXK1Q3E8M3X7AVDQJEBS7AJ,01KCXK1Q3E9SM8ZNGZBAXE43T6,01KCXGG0W10001H0Q1FW3QF5VG,Allocate cost over time,True,2025-12-01T09:00:00Z
01KCXK1Q3FYT9QC4YDJTNNT11S,01KCXK1Q3F1CJJ34JRVB7GBR0K,01KCXGG0W10001H0Q1FW3QP8DG,Balance sheet,True,2025-12-01T09:00:00Z
01KCXK1Q3GC94Y2Y8DA05JY27R,01KCXK1Q3FAYHW12MKMHTFRKPQ,01KCXGG0W10001H0Q1FW3QSYJR,Money owed by customers,True,2025-12-01T09:00:00Z
01KCXK1Q3GKG2FGBDHYPD8QCVA,01KCXK1Q3GJ00F6QSNDWZZZ6YE,01KCXGG0W10001H0Q1FW3R03V8,Inventory,True,2025-12-01T09:00:00Z
01KCXK1Q3GWJE3RCEAA5ZZY4MB,01KCXK1Q3GJMQRA5HZ2QRTPJ1G,01KCXGG0W10001H0Q1FW3R44R8,Earned,True,2025-12-01T09:00:00Z
01KCXK1Q3HP46A97QZYQH31VVA,01KCXK1Q3HP2TA5AV4NJT1HRXB,01KCXGG0W10001H0Q1FW3R9108,Revenue − COGS,True,2025-12-01T09:00:00Z
01KCXK1Q3J9J7FA01WR1DE63WQ,01KCXK1Q3H88V036TBXF7Y0PRR,01KCXGG0W20001H0Q1FW3RGAD0,Inventory,False,2025-12-01T09:00:00Z
01KCXK1Q3KSN607A2WJ48HXFR6,01KCXK1Q3J4CN0RR543DVSMQC3,01KCXGG0W20001H0Q1FW3RHHF0,Profitability,False,2025-12-01T09:00:00Z
01KCXK1Q3KTNPFJ4F18XSK8WAP,01KCXK1Q3K2TGSRTHS7SAWNKTA,01KCXGG0W20001H0Q1FW3RPSE0,Assets = Liabilities + Equity,True,2025-12-01T09:00:00Z
01KCXK1Q3MK8QECHGFQ095BMYS,01KCXK1Q3KFTFNY2YQ9DYMMYF2,01KCXGG0W20001H0Q1FW3RZTG0,Asset,True,2025-12-01T09:00:00Z
01KCXK1Q3MH4A63K9HDS6CPWXV,01KCXK1Q3MT4KV9AAHFH61JVHD,01KCXGG0W20001H0Q1FW3S2NA8,Allocate cost over time,True,2025-12-01T09:00:00Z
01KCXK1Q3MEXA7C8G4BE9KWPEW,01KCXK1Q3MWC1G2TP6T21CB851,01KCXGG0W20001H0Q1FW3S969R,Balance sheet,True,2025-12-01T09:00:00Z
01KCXK1Q3NSAA5KT3WQS1HYHMV,01KCXK1Q3NK8CS7EM4RASPM5XW,01KCXGG0W30001H0Q1FW3SDF0R,Money owed by customers,True,2025-12-01T09:00:00Z
01KCXK1Q3NFXAS4CFYY8929XCM,01KCXK1Q3NADCV7WWS7VQ41M0M,01KCXGG0W30001H0Q1FW3SKW38,Inventory,True,2025-12-01T09:00:00Z
01KCXK1Q3PHKV8JW1DQTY0VJ9M,01KCXK1Q3NNAG001913K42Z5B0,01KCXGG0W30001H0Q1FW3SQQ4R,Earned,True,2025-12-01T09:00:00Z
01KCXK1Q3PZGJD9VTXDG2GG340,01KCXK1Q3P7W0GEGHSR1SB5272,01KCXGG0W30001H0Q1FW3SWNB8,Revenue − COGS,True,2025-12-01T09:00:00Z
01KCXK1Q3QYK6PJHVZXDX73RKV,01KCXK1Q3PXY0D3M2XBAS5FRW5,01KCXGG0W30001H0Q1FW3T2PPR,Revenue,True,2025-12-01T09:00:00Z
01KCXK1Q3Q2VFERMMQVHG9G3MK,01KCXK1Q3QHXAM1S4PT8MJQCKC,01KCXGG0W30001H0Q1FW3T6BWR,Accuracy and fairness,True,2025-12-01T09:00:00Z
01KCXK1Q3S4699EP6B3B1PR3MM,01KCXK1Q3R8MFTANV89525AFNZ,01KCXGG0V30001H0Q1FW2TV5BG,4,False,2025-12-01T10:51:00Z
01KCXK1Q3SK26C7A6Y1R69MXRB,01KCXK1Q3SN7KN5N6T3PP0EC4G,01KCXGG0V30001H0Q1FW2V0R28,3,True,2025-12-01T10:51:00Z
01KCXK1Q3S1KZAXSEWC68QEAHV,01KCXK1Q3S7TQFJYPZKGD0M5M9,01KCXGG0V30001H0Q1FW2V68TG,bd,True,2025-12-01T10:51:00Z
01KCXK1Q3TEE396X7W4Q7XGAR8,01KCXK1Q3S5WFM2EN1GAKJ587K,01KCXGG0V30001H0Q1FW2VCRTR,4,True,2025-12-01T10:51:00Z
01KCXK1Q3V6P21EK0NZN178CBX,01KCXK1Q3T6YVA6AM2CD5BSXKC,01KCXGG0V30001H0Q1FW2VJ7MG,False True,False,2025-12-01T10:51:00Z
01KCXK1Q3W6D3DCVP07HZF980G,01KCXK1Q3VBTA9306V4V1CXT38,01KCXGG0V30001H0Q1FW2VP2P0,-2,False,2025-12-01T10:51:00Z
01KCXK1Q3WMH6WNNRP8QJ1BZEA,01KCXK1Q3WZQRSGEG4A19Y0EA4,01KCXGG0V40001H0Q1FW2VVCKG,(x − 2)(x − 3),True,2025-12-01T10:51:00Z
01KCXK1Q3X2ZKE0KSGE1BV3VPY,01KCXK1Q3WFK7BYTHYRP52W2Q9,01KCXGG0V40001H0Q1FW2VZFF0,All real numbers,False,2025-12-01T10:51:00Z
01KCXK1Q3YV1BWAZT5ESD24GY9,01KCXK1Q3X6CWJ4B9XBCR0F39T,01KCXGG0V40001H0Q1FW2W8DK8,9,False,2025-12-01T10:51:00Z
01KCXK1Q3Y7SHXH1ZHRPHPCWBJ,01KCXK1Q3YDV81DNSFMQ7FV8W2,01KCXGG0V40001H0Q1FW2WAZM8,Arithmetic sequence with common difference 3,True,2025-12-01T10:51:00Z
01KCXK1Q3ZZ5BJ38TPP3ZP1FQG,01KCXK1Q3YWKSZH6J431WQZE2P,01KCXGG0V40001H0Q1FW2WG6M0,"SELECT customer_id, COUNT(*) AS order_count FROM orders GROUP BY customer_id;",True,2025-12-01T10:51:00Z
01KCXK1Q3ZHPYN3YF12KJ3TNG9,01KCXK1Q3Z7461K0EJYWPZRVVD,01KCXGG0V40001H0Q1FW2WNNDR,LEFT JOIN,True,2025-12-01T10:51:00Z
01KCXK1Q3ZNAFXZX3KT3VC6Y3F,01KCXK1Q3ZSTQ3S0ZXZ3QZZFGB,01KCXGG0V50001H0Q1FW2WTZB8,WHERE order_date >= '2025-01-01',True,2025-12-01T10:51:00Z
01KCXK1Q40KQKKC9B0NY1KESZ6,01KCXK1Q402J1GNEA56VA1PGK9,01KCXGG0V50001H0Q1FW2X2MF0,COUNT(*) counts only distinct values,False,2025-12-01T10:51:00Z
01KCXK1Q4105XZCGQV24C2WCVP,01KCXK1Q41CTKVVGM3ED6ZJ0W2,01KCXGG0V50001H0Q1FW2X7PJG,SUM(amount) GROUP BY order_date,False,2025-12-01T10:51:00Z
01KCXK1Q42QDXF7DJG23F8DVMN,01KCXK1Q41QDMJ51G0T8EG4NXA,01KCXGG0V50001H0Q1FW2X8YKR,Line chart,False,2025-12-01T10:51:00Z
01KCXK1Q437DV6XHNYMKMKPEK7,01KCXK1Q42ZN795PEEAQAAK2FX,01KCXGG0V50001H0Q1FW2XFDMR,The bottom whisker,False,2025-12-01T10:51:00Z
01KCXK1Q44VDVYB674EAJYFS5J,01KCXK1Q437F9B01F0GG1QZ94E,01KCXGG0V50001H0Q1FW2XKDJG,There is no relationship between the variables,False,2025-12-01T10:51:00Z
01KCXK1Q46ZQPECNYPHQNA96CG,01KCXK1Q44VWFTKTCJ1JFDB6PC,01KCXGG0V60001H0Q1FW2XT6C0,Line chart,False,2025-12-01T10:51:00Z
01KCXK1Q47TYTPX4FN8S0FJDZ3,01KCXK1Q46T5968X7892DFY6JP,01KCXGG0V60001H0Q1FW2XY0E8,Use only red and green to emphasize differences,False,2025-12-01T10:51:00Z
01KCXK1Q48ECVAT5SSP3H5Q8J4,01KCXK1Q47WWBW2Z1WRCYSD7J1,01KCXGG0V30001H0Q1FW2TWN6R,6,True,2025-12-01T11:31:00Z
01KCXK1Q48SRF7302202C32ZGK,01KCXK1Q48MZE6JNYDAKY3NCF3,01KCXGG0V30001H0Q1FW2V0R28,3,True,2025-12-01T11:31:00Z
01KCXK1Q491HJY9KR6QRMAPZDX,01KCXK1Q49MTDQ138V4N3YYYWB,01KCXGG0V30001H0Q1FW2V4ZT0,ab,False,2025-12-01T11:31:00Z
01KCXK1Q4A8706AH1GDPB0GE3S,01KCXK1Q497DXAFN0J4EY7AP9X,01KCXGG0V30001H0Q1FW2VCRTR,4,True,2025-12-01T11:31:00Z
01KCXK1Q4AMR6CW0GBTEFGB35V,01KCXK1Q4A7Y2FAC231FCNFM0H,01KCXGG0V30001H0Q1FW2VGKW8,True False,True,2025-12-01T11:31:00Z
01KCXK1Q4BDYP5AKEMW9V2F6VW,01KCXK1Q4BGV5JN839SK1QQ51M,01KCXGG0V30001H0Q1FW2VRTJG,12,True,2025-12-01T11:31:00Z
01KCXK1Q4C3JVV148PGQ3JRJ0E,01KCXK1Q4B1J7PECKR6T3JT84J,01KCXGG0V40001H0Q1FW2VVCKG,(x − 2)(x − 3),True,2025-12-01T11:31:00Z
01KCXK1Q4DQ3T4TWHTHYCSW45Z,01KCXK1Q4CAKHVS6HJKFBVRF6V,01KCXGG0V40001H0Q1FW2W21G0,x ≥ 2,True,2025-12-01T11:31:00Z
01KCXK1Q4EGAQ5TMGQSA2KYHT8,01KCXK1Q4D9BD0PM9CKE9G2G12,01KCXGG0V40001H0Q1FW2W4KH0,-9,True,2025-12-01T11:31:00Z
01KCXK1Q4FS10DKFXCG3ED92J5,01KCXK1Q4EEEBCHP7ACXZSD1NQ,01KCXGG0V40001H0Q1FW2WC9M0,Geometric sequence with ratio 2,False,2025-12-01T11:31:00Z
01KCXK1Q4F1Y6VBSRJKKC5BA9C,01KCXK1Q4FKVTYQDBXCB9BZG1D,01KCXGG0V40001H0Q1FW2WG6M0,"SELECT customer_id, COUNT(*) AS order_count FROM orders GROUP BY customer_id;",True,2025-12-01T11:31:00Z
01KCXK1Q4GHTJQGP62W55A9VW5,01KCXK1Q4F80GD9N4BMVM2109R,01KCXGG0V40001H0Q1FW2WMCD8,INNER JOIN,False,2025-12-01T11:31:00Z
01KCXK1Q4HNKXC64PKZX4Q18W5,01KCXK1Q4GVCWAN8XZ9MBJWVXQ,01KCXGG0V50001H0Q1FW2WSPAR,WHERE order_date > '2025-01-01',False,2025-12-01T11:31:00Z
01KCXK1Q4J2FHGSE46775ZYRD5,01KCXK1Q4HQXDVQY7SREH8ZD80,01KCXGG0V50001H0Q1FW2X2MF0,COUNT(*) counts only distinct values,False,2025-12-01T11:31:00Z
01KCXK1Q4JZRKMP3BES82KQZ5H,01KCXK1Q4J79V897EBZBCGJZT2,01KCXGG0V50001H0Q1FW2X6DJ0,SUM(amount) OVER (ORDER BY order_date),True,2025-12-01T11:31:00Z
01KCXK1Q4KY3KBR0PHVTWN7E23,01KCXK1Q4K22FS0V5SGQ7VNH1J,01KCXGG0V50001H0Q1FW2XA8KG,Histogram,True,2025-12-01T11:31:00Z
01KCXK1Q4K3M3Z9WEG7JRRH2VJ,01KCXK1Q4K8QJ60Y8SY0PC8R41,01KCXGG0V50001H0Q1FW2XGVHG,The line inside the box,True,2025-12-01T11:31:00Z
01KCXK1Q4M5FWGBYYD501T6172,01KCXK1Q4KTYYCQXATRPJ3Q8NC,01KCXGG0V50001H0Q1FW2XNZKG,There is a positive correlation between the variables,True,2025-12-01T11:31:00Z
01KCXK1Q4MTJ3F4QPDCNBBMQ0D,01KCXK1Q4MDCBTKEVBHR44HZNE,01KCXGG0V60001H0Q1FW2XVFCG,Pie chart,True,2025-12-01T11:31:00Z
01KCXK1Q4N6H8A3Q454K71DR7R,01KCXK1Q4MYFR0P08XWTA3TR9W,01KCXGG0V60001H0Q1FW2Y0JF8,Use patterns or a colorblind-safe palette instead of only red and green,True,2025-12-01T11:31:00Z
01KCXK1Q4PQFFHVK0R91QEYACZ,01KCXK1Q4NRJEXTMFPFF8PP2BS,01KCXGG0V30001H0Q1FW2TWN6R,6,True,2025-12-01T13:33:00Z
01KCXK1Q4PTB4Q6AGGWJ2BEGGX,01KCXK1Q4P8PC1X79AF878458C,01KCXGG0V30001H0Q1FW2V0R28,3,True,2025-12-01T13:33:00Z
01KCXK1Q4P8HXGYQWBDWX8BRTQ,01KCXK1Q4PAGSMRQA0PT1H944X,01KCXGG0V30001H0Q1FW2V68TG,bd,True,2025-12-01T13:33:00Z
01KCXK1Q4Q3V06T21RC827E3X0,01KCXK1Q4P92QDVXKT7VHHG68K,01KCXGG0V30001H0Q1FW2VCRTR,4,True,2025-12-01T13:33:00Z
01KCXK1Q4Q62DHKVAD3ZKCH1GS,01KCXK1Q4QPHD00762DT8KBNKR,01KCXGG0V30001H0Q1FW2VGKW8,True False,True,2025-12-01T13:33:00Z
01KCXK1Q4RWD98KS94696D0THA,01KCXK1Q4QTD2JZQC28H9PF15S,01KCXGG0V30001H0Q1FW2VRTJG,12,True,2025-12-01T13:33:00Z
01KCXK1Q4RV2T4AJGJNPJ52B9R,01KCXK1Q4RMH8YZ78NNECS7EW8,01KCXGG0V40001H0Q1FW2VVCKG,(x − 2)(x − 3),True,2025-12-01T13:33:00Z
01KCXK1Q4RNDBQNFGHP748R8VP,01KCXK1Q4RB56D40S56DEX9HAS,01KCXGG0V40001H0Q1FW2W21G0,x ≥ 2,True,2025-12-01T13:33:00Z
01KCXK1Q4S7FX63T6TT9BVB2XG,01KCXK1Q4RH7B98WMPGWE1M2BA,01KCXGG0V40001H0Q1FW2W4KH0,-9,True,2025-12-01T13:33:00Z
01KCXK1Q4SP1T5ZMY16PCQW3ZN,01KCXK1Q4ST6EMS7DQJRE92BX6,01KCXGG0V40001H0Q1FW2WAZM8,Arithmetic sequence with common difference 3,True,2025-12-01T13:33:00Z
01KCXK1Q4T6H77DCRSC9Y94JAM,01KCXK1Q4SVCQMSJZP81Z7HVHE,01KCXGG0V40001H0Q1FW2WG6M0,"SELECT customer_id, COUNT(*) AS order_count FROM orders GROUP BY customer_id;",True,2025-12-01T13:33:00Z
01KCXK1Q4TKCRMS7QC93P384YA,01KCXK1Q4T80BVG6BMAV5Q4B86,01KCXGG0V40001H0Q1FW2WNNDR,LEFT JOIN,True,2025-12-01T13:33:00Z
01KCXK1Q4TMJA5X56ZTQ3M188T,01KCXK1Q4TFPWTV1Z3WP1XF6JH,01KCXGG0V50001H0Q1FW2WTZB8,WHERE order_date >= '2025-01-01',True,2025-12-01T13:33:00Z
01KCXK1Q4VR2WSQ1NFMG66MM5A,01KCXK1Q4T5QPQ8MFPSDKS7E5S,01KCXGG0V50001H0Q1FW2X1BEG,COUNT(*) counts all rows; COUNT(column_name) ignores NULLs,True,2025-12-01T13:33:00Z
01KCXK1Q4W4MQNZSNXT1RBMGS2,01KCXK1Q4VMA5WDJYEP73AS8FZ,01KCXGG0V50001H0Q1FW2X6DJ0,SUM(amount) OVER (ORDER BY order_date),True,2025-12-01T13:33:00Z
01KCXK1Q4WBSD9RE1C2X9BEDEQ,01KCXK1Q4WT3TZEQ40AHRQ7AXW,01KCXGG0V50001H0Q1FW2XA8KG,Histogram,True,2025-12-01T13:33:00Z
01KCXK1Q4WA7JNEAX05WGM6R85,01KCXK1Q4W56DJJQT9Q5BREEND,01KCXGG0V50001H0Q1FW2XGVHG,The line inside the box,True,2025-12-01T13:33:00Z
01KCXK1Q4X4PAJ3RKKHTS92V8J,01KCXK1Q4XV3ZD330WK2RGPVJC,01KCXGG0V50001H0Q1FW2XNZKG,There is a positive correlation between the variables,True,2025-12-01T13:33:00Z
01KCXK1Q4X6K0QWWN8QNRRVP3J,01KCXK1Q4XEB2TB03B8Q3KKKRS,01KCXGG0V60001H0Q1FW2XVFCG,Pie chart,True,2025-12-01T13:33:00Z
01KCXK1Q4Y7RV45DFX0FRTYKGY,01KCXK1Q4XCCV0S0NT84BCG7NB,01KCXGG0V60001H0Q1FW2Y0JF8,Use patterns or a colorblind-safe palette instead of only red and green,True,2025-12-01T13:33:00Z
01KCXK1Q4ZYAFP1MW8NW7Y7AFP,01KCXK1Q4YW0TSZ7S7YW29KJHY,01KCXGG0V70001H0Q1FW2YZSG0,"Site C, because it balances proximity, safety, and lack of clinics",True,2025-12-01T14:21:00Z
01KCXK1Q4ZQ6SCF8RYP0G0F22A,01KCXK1Q4ZC212BMC9YE35ZTF1,01KCXGG0V70001H0Q1FW2Z408G,The company often begins demolition work days before submitting the weekly report,True,2025-12-01T14:21:00Z
01KCXK1Q50V1XSEP5GDZQ8HDR9,01KCXK1Q4ZYRQXSSJ6E5JBCCE8,01KCXGG0V70001H0Q1FW2ZAF9G,"Mon: S, Tue: E, Wed: Y",True,2025-12-01T14:21:00Z
01KCXK1Q517RJXPNKENZYT9KFD,01KCXK1Q50YCCTAC7KKNZWYPQB,01KCXGG0V70001H0Q1FW2ZG208,Climate change will also increase cold waves in some regions,False,2025-12-01T14:21:00Z
01KCXK1Q51M45XPJKMM0F66J1T,01KCXK1Q51V3DYD0FZEB9B7B9C,01KCXGG0V70001H0Q1FW2ZJN0G,Electrify L1 and L2,True,2025-12-01T14:21:00Z
01KCXK1Q52034NM6BY9M0A7XKX,01KCXK1Q51N89VE9R3NZQW6DKK,01KCXGG0V80001H0Q1FW2ZSRHR,Mediterranean diets typically use more plant-based foods and less red meat than current diets in those cities,True,2025-12-01T14:21:00Z
01KCXK1Q52V9DBCHCRDAMJYGGS,01KCXK1Q521EGTZ2HBRAZDDK4Y,01KCXGG0V80001H0Q1FW302CXG,Both Project B and Project C,True,2025-12-01T14:21:00Z
01KCXK1Q53VMQ0XZNMWHEDM3F8,01KCXK1Q523JQQWJZCRTBGCHV8,01KCXGG0V80001H0Q1FW304YYG,A city reduced waste significantly by introducing strict limits on single-use packaging,True,2025-12-01T14:21:00Z
01KCXK1Q53NYREDRKQ6139H7BG,01KCXK1Q53MD3HWM9V68AH795V,01KCXGG0V80001H0Q1FW3098MR,Some consumers will switch from sugary drinks to high-sugar snacks instead,True,2025-12-01T14:21:00Z
01KCXK1Q54M0F6ZMPERY7MPMC9,01KCXK1Q53E93HY5VG4D5M374V,01KCXGG0V90001H0Q1FW30JX7R,It satisfies all three rules,True,2025-12-01T14:21:00Z
01KCXK1Q54ZDTB73F6KA83TNYP,01KCXK1Q54G67ZZFN9G17QDWSE,01KCXGG0V90001H0Q1FW30Q038,Cryptocurrency prices will remain stable over time,False,2025-12-01T14:21:00Z
01KCXK1Q55PTDPYQXDCE84HCB6,01KCXK1Q55HXX6AGRJDHRS2VP6,01KCXGG0V90001H0Q1FW30TV4R,Visitors who plan longer stays choose food tours because they have more available time,True,2025-12-01T14:21:00Z
01KCXK1Q5529PXSXNXRQM7H9KW,01KCXK1Q55WFJQW2WSEKVHYY7R,01KCXGG0V90001H0Q1FW312H7R,The plan satisfies all three rules,True,2025-12-01T14:21:00Z
01KCXK1Q56X3KQAW36CBX9MSEV,01KCXK1Q55V4XQY73F87H33WGC,01KCXGG0V90001H0Q1FW313S90,Extending clinic hours to evenings and weekends,True,2025-12-01T14:21:00Z
01KCXK1Q57YKR8A1M2JC2K7NKX,01KCXK1Q5634MPH3M9XZG91M38,01KCXGG0V90001H0Q1FW31BS4G,Insulin was discovered more than 100 years ago,False,2025-12-01T14:21:00Z
01KCXK1Q57PXTJK6FX99P77BAS,01KCXK1Q57DXVV85W7FA1TAKP1,01KCXGG0V90001H0Q1FW31FT1G,Participants who chose the meditation group were already more motivated to reduce stress,True,2025-12-01T14:21:00Z
01KCXK1Q58Z5TVFTETJ1E65VZK,01KCXK1Q57BPPF4NVGX767WPCG,01KCXGG0VA0001H0Q1FW31MX48,Participants also practiced memory-training exercises during the same two-week period,True,2025-12-01T14:21:00Z
01KCXK1Q5SDWSR9DGHEQ5RNZBA,01KCXK1Q58WF6PA8SJ56Q3CTYT,01KCXGG0VA0001H0Q1FW31V888,Many tourists dislike using hashtags in their posts,False,2025-12-01T14:21:00Z
01KCXK1Q5TERG37KHTNWADRF73,01KCXK1Q5SS42367Y8YF0ZPXJR,01KCXGG0VA0001H0Q1FW321KC8,F and F,False,2025-12-01T14:21:00Z
01KCXK1Q5TJG2SHF67KT6X8WNB,01KCXK1Q5T85MPDF9N2Y96CMPZ,01KCXGG0VA0001H0Q1FW322WCR,The planned highway expansion includes dedicated lanes for electric buses and high-occupancy vehicles,True,2025-12-01T14:21:00Z
01KCXK1Q5V87YWB93P2JWPKFXF,01KCXK1Q5VPANY4JVFK9RQ1M4G,01KCXGG0VB0001H0Q1FW3305WR,Justice,True,2025-12-01T15:09:00Z
01KCXK1Q5WM60TZMD0WVWJ780A,01KCXK1Q5VR43GGNFA3JDASYF6,01KCXGG0VB0001H0Q1FW335YF0,Children and elderly individuals,True,2025-12-01T15:09:00Z
01KCXK1Q5XVC28CQEGJWCD73ZM,01KCXK1Q5W1Y6SXHW13AGA546R,01KCXGG0VB0001H0Q1FW33B8CG,An increase in general price levels,True,2025-12-01T15:09:00Z
01KCXK1Q5YYBKY5N75GTEHGMDB,01KCXK1Q5XXTHEBM9BYKEWJQYM,01KCXGG0VC0001H0Q1FW33GN7R,Protein,True,2025-12-01T15:09:00Z
01KCXK1Q5ZHW6DDZXQH29R98AP,01KCXK1Q5Y8Y0N21DNYE8AK9A1,01KCXGG0VC0001H0Q1FW33NRAG,Wind,True,2025-12-01T15:09:00Z
01KCXK1Q5ZNF9ND55N8KEK5JR9,01KCXK1Q5ZBTFTDR2JG60VSTSZ,01KCXGG0VC0001H0Q1FW33TYB0,"The relationship between voltage, current, and resistance",True,2025-12-01T15:09:00Z
01KCXK1Q61MPNHG55Y51P0NFGC,01KCXK1Q60FMHHCN3GECRCE5WB,01KCXGG0VC0001H0Q1FW3441BG,RFID reader,False,2025-12-01T15:09:00Z
01KCXK1Q62TNWH09RRB3PF287M,01KCXK1Q610P3ZDEBWJPBTD5CW,01KCXGG0VC0001H0Q1FW345AC0,Exponents,True,2025-12-01T15:09:00Z
01KCXK1Q63P1ZJM75F0NNNB2MV,01KCXK1Q623ZZTKC5KJTW4TT6X,01KCXGG0VC0001H0Q1FW34AM9G,Step-by-step instructions for solving a problem,True,2025-12-01T15:09:00Z
01KCXK1Q64K978EZX46Q95ZDVR,01KCXK1Q63R0GWAB7EEBQ6B356,01KCXGG0VD0001H0Q1FW34FW8G,Higher energy-conversion efficiency,True,2025-12-01T15:09:00Z
01KCXK1Q648JE1N3514FKNF0A0,01KCXK1Q64W19Z9CQWDAH63C04,01KCXGG0VD0001H0Q1FW34N19R,Electrochemical reactions,True,2025-12-01T15:09:00Z
01KCXK1Q667Z4F06ZDXKN0TT2T,01KCXK1Q64SWMKG62V53DY4VTR,01KCXGG0VD0001H0Q1FW34WQCR,Reach,False,2025-12-01T15:09:00Z
01KCXK1Q66MCKZCD1TH70AQV8K,01KCXK1Q668RE5BE2P1BWR4FVD,01KCXGG0VD0001H0Q1FW34ZAD0,Consumer Price Index,True,2025-12-01T15:09:00Z
01KCXK1Q679P9AKF4XSCD6M5GE,01KCXK1Q66K5CG0YCNCVS6H4NM,01KCXGG0VD0001H0Q1FW354Q88,Random assignment,True,2025-12-01T15:09:00Z
01KCXK1Q68GMC8TG1RESV7AABX,01KCXK1Q67T08DEPWYMXK0XM2V,01KCXGG0VD0001H0Q1FW359VA8,Carbohydrate intake,True,2025-12-01T15:09:00Z
01KCXK1Q68Y808RJZHJ66V4W7S,01KCXK1Q686VK228YHDXC1T50W,01KCXGG0VE0001H0Q1FW35F0BG,Reducing livestock methane emissions,True,2025-12-01T15:09:00Z
01KCXK1Q68RHCHB8XR1JRGBQQ3,01KCXK1Q68TMMTKACW02EGSCMP,01KCXGG0VE0001H0Q1FW35M5CR,"Balancing environmental, economic, and social goals",True,2025-12-01T15:09:00Z
01KCXK1Q695QVCRAQ93T1E0FHX,01KCXK1Q698B4E86843JAR8VD7,01KCXGG0VE0001H0Q1FW35TX70,Hotel advertising,False,2025-12-01T15:09:00Z
01KCXK1Q6AE99JXFWG5WGZK2HF,01KCXK1Q69YWRTRTVSHFTMBPS7,01KCXGG0VE0001H0Q1FW35YQ98,Supply and demand determine prices,True,2025-12-01T15:09:00Z
01KCXK1Q6AXPQPCABJKV310DHK,01KCXK1Q6AGAWK60R8VHGV3Z5D,01KCXGG0VE0001H0Q1FW363VB8,Slope,True,2025-12-01T15:09:00Z
01KCXK1Q6C1KS8DDH0DSSQRN5P,01KCXK1Q6BV3ED9AXWX7H4252P,01KCXGG0VG0001H0Q1FW37EY88,Controlling,False,2025-12-01T17:34:00Z
01KCXK1Q6C76QWNRJ76978EDGT,01KCXK1Q6CCZ496MWCV3NT6K42,01KCXGG0VG0001H0Q1FW37HV10,Internal and external environment,True,2025-12-01T17:34:00Z
01KCXK1Q6DG09FVMY2DK7AS90J,01KCXK1Q6CA1FRCSPP589DKBG0,01KCXGG0VG0001H0Q1FW37RHW0,Direct labor,True,2025-12-01T17:34:00Z
01KCXK1Q6DZV03QEYGEK2VFRK3,01KCXK1Q6DX45PPNBS7EH157BE,01KCXGG0VG0001H0Q1FW37WDWR,Subordinates per manager,True,2025-12-01T17:34:00Z
01KCXK1Q6EYJY8SNAX6MGDYFSX,01KCXK1Q6DFS6HXQ746ZBRNCHK,01KCXGG0VG0001H0Q1FW381NVR,Democratic,True,2025-12-01T17:34:00Z
01KCXK1Q6EX7ZPMH7KSB93TM4V,01KCXK1Q6EBAYJKACY5Z7GMYFX,01KCXGG0VH0001H0Q1FW3873P8,Measure performance,True,2025-12-01T17:34:00Z
01KCXK1Q6FJD3EJZQ1FZNG7EJV,01KCXK1Q6E6VTAW41CHK5AB7KR,01KCXGG0VH0001H0Q1FW38C7R8,Motivation,True,2025-12-01T17:34:00Z
01KCXK1Q6FKHDQYQ18JP2K6JXF,01KCXK1Q6F61QC5AF5W8VR5HZ8,01KCXGG0VH0001H0Q1FW38HAV0,Economies of scale,True,2025-12-01T17:34:00Z
01KCXK1Q6G1JKPPAE92VJPP9GG,01KCXK1Q6F5YN8YBJ0Z63T065X,01KCXGG0VH0001H0Q1FW38PEX0,Long-term purpose,True,2025-12-01T17:34:00Z
01KCXK1Q6GCDGG6Z56C8F6JM96,01KCXK1Q6GNV6TZ1MAVPPC8PK3,01KCXGG0VH0001H0Q1FW38VKY8,Manage transition,True,2025-12-01T17:34:00Z
01KCXK1Q6H58NGCCT3M3B6J6FA,01KCXK1Q6G3VK0PG944QBNQPHT,01KCXGG0VH0001H0Q1FW393HV8,Controlling,False,2025-12-01T17:34:00Z
01KCXK1Q6J9Z13Z0FWEZ0KTA1Z,01KCXK1Q6HDGXQ61Y4QSM8WVA9,01KCXGG0VJ0001H0Q1FW396KG8,Internal and external environment,True,2025-12-01T17:34:00Z
01KCXK1Q6K5ACCCXXD3DTQ6R9W,01KCXK1Q6JJF0NRDN9TC58P3ZF,01KCXGG0VJ0001H0Q1FW39E8M0,Interest expense,False,2025-12-01T17:34:00Z
01KCXK1Q6KFQHHJ6ANW6QKVPQZ,01KCXK1Q6KJFQETWS3J8YWBHPY,01KCXGG0VJ0001H0Q1FW39GRPG,Subordinates per manager,True,2025-12-01T17:34:00Z
01KCXK1Q6MGJEQ9S3MXY2VJDHY,01KCXK1Q6K93JMES1YSBBDC3QS,01KCXGG0VJ0001H0Q1FW39NRVG,Democratic,True,2025-12-01T17:34:00Z
01KCXK1Q6MQJA5NJ4DQCNV6J4D,01KCXK1Q6MTJ51XGDRPXEZ5AYF,01KCXGG0VJ0001H0Q1FW39TZV8,Measure performance,True,2025-12-01T17:34:00Z
01KCXK1Q6NYTXZTT284P6S3R51,01KCXK1Q6MH23VV5Z4947EFVFC,01KCXGG0VJ0001H0Q1FW3A00ZG,Motivation,True,2025-12-01T17:34:00Z
01KCXK1Q6N9JZSP8V6MVE45BZC,01KCXK1Q6NRF8G9TPZYKHX73T9,01KCXGG0VK0001H0Q1FW3A5330,Economies of scale,True,2025-12-01T17:34:00Z
01KCXK1Q6P53V5T39B0P20G0TD,01KCXK1Q6N3WAXJ6FSVYCXZRC1,01KCXGG0VK0001H0Q1FW3AA478,Long-term purpose,True,2025-12-01T17:34:00Z
01KCXK1Q6P0DD2X2DFB05A7R89,01KCXK1Q6PBN0CSKYN4924VEX0,01KCXGG0VK0001H0Q1FW3AF5BG,Manage transition,True,2025-12-01T17:34:00Z
01KCXK1Q6QEV9Y12A7AKSTRPRM,01KCXK1Q6PJSHP8Y5S17NS40EP,01KCXGG0VK0001H0Q1FW3AK598,Planning,True,2025-12-01T17:34:00Z
01KCXK1Q6QWNPFWCPVYBTY3QZ6,01KCXK1Q6Q52JE8KM6TQT0CAND,01KCXGG0VK0001H0Q1FW3ASEER,Internal and external environment,True,2025-12-01T17:34:00Z
01KCXK1Q6R4CA07AMGHBR1AY4T,01KCXK1Q6Q2ATWK3F15Z76A7P7,01KCXGG0VK0001H0Q1FW3AZQM8,Direct labor,True,2025-12-01T17:34:00Z
01KCXK1Q6S0X5P7YCRRSJD5RN9,01KCXK1Q6R1P7ZRA1KBACHVF47,01KCXGG0VM0001H0Q1FW3B3GQ8,Subordinates per manager,True,2025-12-01T17:34:00Z
01KCXK1Q6TXBZ7QDCJQTP3J45X,01KCXK1Q6SDFS8N1PJ85JG2M1Z,01KCXGG0VM0001H0Q1FW3B9SWR,Bureaucratic,False,2025-12-01T17:34:00Z
01KCXK1Q6T1VYT8M5VB6CN4NWF,01KCXK1Q6TGEGBRGAP70J8XFVV,01KCXGG0VM0001H0Q1FW3BDQW0,Measure performance,True,2025-12-01T17:34:00Z
01KCXK1Q6VR2A66V6A27AD7QXR,01KCXK1Q6V524P0AVEZ4KGMMNZ,01KCXGG0VM0001H0Q1FW3BJWX8,Motivation,True,2025-12-01T17:34:00Z
01KCXK1Q6W7YQGFHK62292H19H,01KCXK1Q6V70BZV0EAJ0WGFJKV,01KCXGG0VM0001H0Q1FW3BQZ0R,Economies of scale,True,2025-12-01T17:34:00Z
01KCXK1Q6X69JE7ES71FEZD34R,01KCXK1Q6WPH1Y6M6NYY8DCMB4,01KCXGG0VN0001H0Q1FW3C0CHR,Legal form,False,2025-12-01T17:34:00Z
01KCXK1Q6XZ0DKQAJQW4JC4RVW,01KCXK1Q6XMFBHVT4JCT1BJM69,01KCXGG0VN0001H0Q1FW3C2XKG,Manage transition,True,2025-12-01T17:34:00Z
01KCXK1Q6YVMF5PYBCRBSF32E8,01KCXK1Q6YSPXATG943ZP4QR36,01KCXGG0VN0001H0Q1FW3C6ZFR,Planning,True,2025-12-01T19:29:00Z
01KCXK1Q6Z6CQV401JSBCRJHY5,01KCXK1Q6YKP80DXG3H8YDP6G4,01KCXGG0VN0001H0Q1FW3CD8N8,Internal and external environment,True,2025-12-01T19:29:00Z
01KCXK1Q6ZZQDHGPGZC6JSXGPN,01KCXK1Q6ZH7G6842HFCV4ZRQ8,01KCXGG0VN0001H0Q1FW3CKHTR,Direct labor,True,2025-12-01T19:29:00Z
01KCXK1Q703P4WJ1ED10KCEYNQ,01KCXK1Q6ZW29XADNP52J47CX8,01KCXGG0VN0001H0Q1FW3CQ9YG,Subordinates per manager,True,2025-12-01T19:29:00Z
01KCXK1Q70BBPP0K6JQM1NHHNE,01KCXK1Q70H3A318C07MZ07Q53,01KCXGG0VN0001H0Q1FW3CWA3G,Democratic,True,2025-12-01T19:29:00Z
01KCXK1Q719Z83FF6ETWB2HS6A,01KCXK1Q709VGBVPA4PEP326YF,01KCXGG0VP0001H0Q1FW3D0B0G,Punish employees,False,2025-12-01T19:29:00Z
01KCXK1Q72J3SSTAEWK09YEKCQ,01KCXK1Q71QA1E1ZS9P5P9HA7S,01KCXGG0VP0001H0Q1FW3D5B5G,Finance,False,2025-12-01T19:29:00Z
01KCXK1Q72A72FM6X61TF1T0A4,01KCXK1Q720JME1PZWC2XW2531,01KCXGG0VP0001H0Q1FW3DBNA8,Economies of scale,True,2025-12-01T19:29:00Z
01KCXK1Q73D9GTTY6E7YTXM19S,01KCXK1Q7302TJG56E11S90CC9,01KCXGG0VP0001H0Q1FW3DH168,Long-term purpose,True,2025-12-01T19:29:00Z
01KCXK1Q74NP0X7F32SMN5B1GE,01KCXK1Q73E2SDZP19J2KNXBX4,01KCXGG0VP0001H0Q1FW3DMSA0,Avoid change,False,2025-12-01T19:29:00Z
01KCXK1Q74NG5GWZQPCFMB2DHK,01KCXK1Q744EPGM2BXSAXDMB3R,01KCXGG0VP0001H0Q1FW3DT288,Planning,True,2025-12-01T19:29:00Z
01KCXK1Q77DZEC5HVQR72TQFNF,01KCXK1Q75XPF3HZMPRE74CWFY,01KCXGG0VQ0001H0Q1FW3DZ6A8,Financial statements,False,2025-12-01T19:29:00Z
01KCXK1Q7891HZAC5KTQNN8FBM,01KCXK1Q77TJ74FW5JTV0VWHT9,01KCXGG0VQ0001H0Q1FW3E6KM0,Direct labor,True,2025-12-01T19:29:00Z
01KCXK1Q79F2XRPHZMYVY8WAVD,01KCXK1Q78HH94KSRD8R4Y2VZ2,01KCXGG0VQ0001H0Q1FW3E90RR,Hierarchy levels,False,2025-12-01T19:29:00Z
01KCXK1Q7ARNV3BXXCSABVJX1F,01KCXK1Q79XBBK0J6560PQEY59,01KCXGG0VQ0001H0Q1FW3EGJYR,Bureaucratic,False,2025-12-01T19:29:00Z
01KCXK1Q7B7Q4BSCM61NAPSHHM,01KCXK1Q7BNVN7DP4GTFVQ6Z4G,01KCXGG0VQ0001H0Q1FW3EM84R,Measure performance,True,2025-12-01T19:29:00Z
01KCXK1Q7CEZ1BZ4BHG65YR3YG,01KCXK1Q7C4G8X1DA2JZW11AHG,01KCXGG0VQ0001H0Q1FW3ES5C0,Motivation,True,2025-12-01T19:29:00Z
01KCXK1Q7DQV6Q955M9WPQN60H,01KCXK1Q7CD7GX81MTR54N0Y0G,01KCXGG0VR0001H0Q1FW3EY1M0,Economies of scale,True,2025-12-01T19:29:00Z
01KCXK1Q7EM82M21NQ6DH9NE03,01KCXK1Q7DTY0FH5J6WXF18SYC,01KCXGG0VR0001H0Q1FW3F2WWR,Long-term purpose,True,2025-12-01T19:29:00Z
01KCXK1Q7E23NCS2K2X739V2FN,01KCXK1Q7ED87GNV4WKVE7A7M6,01KCXGG0VR0001H0Q1FW3F7R5G,Manage transition,True,2025-12-01T19:29:00Z
01KCXK1Q7FGKSXRAH34V9XGJYW,01KCXK1Q7EXEMQAA1KAGW0BQS8,01KCXGG0VR0001H0Q1FW3FBK70,Planning,True,2025-12-01T19:29:00Z
01KCXK1Q7FENKDRV000CCMHH9R,01KCXK1Q7FJAZDMW2EXZZHQXZE,01KCXGG0VR0001H0Q1FW3FHNHR,Internal and external environment,True,2025-12-01T19:29:00Z
01KCXK1Q7GMTX7T05PVZ9ACPP0,01KCXK1Q7F3GZWR4F83GT47YR5,01KCXGG0VR0001H0Q1FW3FPGTG,Manager salary,False,2025-12-01T19:29:00Z
01KCXK1Q7H46E6TMBM3SCNC3TF,01KCXK1Q7G5839M3C3NTQ21RX3,01KCXGG0VS0001H0Q1FW3FVC38,Subordinates per manager,True,2025-12-01T19:29:00Z
01KCXK1Q7HX0HJ50TBJ918TRAH,01KCXK1Q7HV7XABS136QM06VK9,01KCXGG0VS0001H0Q1FW3G06CR,Democratic,True,2025-12-01T19:29:00Z
01KCXK1Q7JJBKM2MBGK3981N4N,01KCXK1Q7HD74SPWJ78NJTGMA5,01KCXGG0VS0001H0Q1FW3G59FG,Measure performance,True,2025-12-01T19:29:00Z
01KCXK1Q7J55F71EBVVHE507WM,01KCXK1Q7JGMCQD5VGAKTYPZ61,01KCXGG0VS0001H0Q1FW3GBDRR,Operations,False,2025-12-01T19:29:00Z
01KCXK1Q7KK0RV7PQ7GJZR2KJK,01KCXK1Q7KXZT8FVT9GDDHSFBJ,01KCXGG0VS0001H0Q1FW3GF2YR,Economies of scale,True,2025-12-01T19:29:00Z
01KCXK1Q7K7869QV8JDYD06QR8,01KCXK1Q7KQ8X2CRPADAK084VK,01KCXGG0VS0001H0Q1FW3GKY7G,Long-term purpose,True,2025-12-01T19:29:00Z
01KCXK1Q7NQH2DJNTMMR5JWE2K,01KCXK1Q7KH2ZBWQN2BTNRM503,01KCXGG0VT0001H0Q1FW3GRTFG,Manage transition,True,2025-12-01T19:29:00Z
01KCXK1Q7QCQS2AFXFKQZ99FAH,01KCXK1Q7NKKQX26ZYZTFJRW01,01KCXGG0VT0001H0Q1FW3H0KG8,Equity = Assets − Revenue,False,2025-12-01T22:15:00Z
01KCXK1Q7Q1HZKN1SJ5ZS449AK,01KCXK1Q7QVRKHF3HR1RF06QSZ,01KCXGG0VT0001H0Q1FW3H5ES0,Asset,True,2025-12-01T22:15:00Z
01KCXK1Q7RF0KSY18DSBRFNF19,01KCXK1Q7Q4RC3SRR1AS5CCF1W,01KCXGG0VT0001H0Q1FW3H7WX0,Allocate cost over time,True,2025-12-01T22:15:00Z
01KCXK1Q7SC6XS3JF1N3XX6FRA,01KCXK1Q7R4KVWPK69S951AE7J,01KCXGG0VT0001H0Q1FW3HDZ7R,Balance sheet,True,2025-12-01T22:15:00Z
01KCXK1Q7SRJ1C2HF8GQN2ETZP,01KCXK1Q7S49CQ88F1GZT6VGV5,01KCXGG0VT0001H0Q1FW3HHKEG,Money owed by customers,True,2025-12-01T22:15:00Z
01KCXK1Q7TFWDR3G5FPV4QVAJM,01KCXK1Q7SMYC8K4MA1W58S4HX,01KCXGG0VV0001H0Q1FW3HS2PR,Goodwill,False,2025-12-01T22:15:00Z
01KCXK1Q7VJV817G2JSD22FQNH,01KCXK1Q7TWNV7M20TNYKAC5YW,01KCXGG0VV0001H0Q1FW3HVGTR,Earned,True,2025-12-01T22:15:00Z
01KCXK1Q7VARFVSE5PEJEJV59X,01KCXK1Q7VPCT9A267JKQRR95E,01KCXGG0VV0001H0Q1FW3J0B48,Revenue − COGS,True,2025-12-01T22:15:00Z
01KCXK1Q7WA97TAGMHW29TC404,01KCXK1Q7VG0R3TFQBY91EG7QX,01KCXGG0VV0001H0Q1FW3J6FDG,Revenue,True,2025-12-01T22:15:00Z
01KCXK1Q7WYJ7ZS1AHPWEASMXD,01KCXK1Q7WG52V6MZE8DXN8D3T,01KCXGG0VV0001H0Q1FW3J92DR,Profitability,False,2025-12-01T22:15:00Z
01KCXK1Q7X01SE52GXTAABQMVB,01KCXK1Q7WVXVZ1YXM485AHE45,01KCXGG0VV0001H0Q1FW3JE3J0,Assets = Liabilities + Equity,True,2025-12-01T22:15:00Z
01KCXK1Q7XZ1WE5R34R11S6PJ1,01KCXK1Q7XKNQFGTTQYQVMR834,01KCXGG0VW0001H0Q1FW3JPM0R,Asset,True,2025-12-01T22:15:00Z
01KCXK1Q7YGQEYTJXJNNHANR76,01KCXK1Q7XVSNM1HAYC03A3Y8Y,01KCXGG0VW0001H0Q1FW3JS24R,Allocate cost over time,True,2025-12-01T22:15:00Z
01KCXK1Q7YR5FKKNVMMXMVT473,01KCXK1Q7Y4DJ3HT7FGWNT2336,01KCXGG0VW0001H0Q1FW3JZ6E0,Balance sheet,True,2025-12-01T22:15:00Z
01KCXK1Q7ZQ1TDYR3R6HY01KRN,01KCXK1Q7YR1PBB6QAETRJ5Z9G,01KCXGG0VW0001H0Q1FW3K2VM0,Money owed by customers,True,2025-12-01T22:15:00Z
01KCXK1Q7Z0B1VBVYHHFCWWBRN,01KCXK1Q7Z4QNY02AYXKH2A3NM,01KCXGG0VW0001H0Q1FW3K95RR,Inventory,True,2025-12-01T22:15:00Z
01KCXK1Q80R9918PYSJGJGB2W0,01KCXK1Q7Z6S2ED2N8Q3ME0T84,01KCXGG0VW0001H0Q1FW3KCTYR,Earned,True,2025-12-01T22:15:00Z
01KCXK1Q80GVZ3XQW1CERM52V0,01KCXK1Q80JR83KY6WW0X2D3VQ,01KCXGG0VW0001H0Q1FW3KHY1G,Revenue − COGS,True,2025-12-01T22:15:00Z
01KCXK1Q818ZWNEDVMY2P1VDYN,01KCXK1Q80APN0Q3D8B5D3B288,01KCXGG0VX0001H0Q1FW3KNR3R,Cash,False,2025-12-01T22:15:00Z
01KCXK1Q82N7XF9GZ654GSX5CA,01KCXK1Q81GMM1Q1P0PWCV89JY,01KCXGG0VX0001H0Q1FW3KTPA8,Profitability,False,2025-12-01T22:15:00Z
01KCXK1Q82S05J1GZDWCBBM221,01KCXK1Q827P7A5CG0PX48Y8W4,01KCXGG0VX0001H0Q1FW3KZJJ8,Assets = Liabilities + Equity,True,2025-12-01T22:15:00Z
01KCXK1Q836DMKT9KZZQRHCVQC,01KCXK1Q82H0K1H0AVVTBBK1DA,01KCXGG0VX0001H0Q1FW3M8DRR,Asset,True,2025-12-01T22:15:00Z
01KCXK1Q8346BQQ7GFJ70WP4B0,01KCXK1Q83M622D3VPZWMRYH7M,01KCXGG0VX0001H0Q1FW3MAVWR,Allocate cost over time,True,2025-12-01T22:15:00Z
01KCXK1Q84QCNRHMBD7WA2HYV2,01KCXK1Q8322VBCPAKVJJF0EZM,01KCXGG0VX0001H0Q1FW3MGX88,Balance sheet,True,2025-12-01T22:15:00Z
01KCXK1Q84DZD29Z5Q438ND3EB,01KCXK1Q84P7PAGZ9TW2AT12VS,01KCXGG0VY0001H0Q1FW3MMPB8,Money owed by customers,True,2025-12-01T22:15:00Z
01KCXK1Q84BY2VRVQS6GW71RH9,01KCXK1Q84EA1KEKQFBPZ3G54Q,01KCXGG0VY0001H0Q1FW3MTTMG,Inventory,True,2025-12-01T22:15:00Z
01KCXK1Q857HJ22ZDX4F46T4PN,01KCXK1Q84RXBZMNSTSBY95PC7,01KCXGG0VY0001H0Q1FW3MYJR8,Earned,True,2025-12-01T22:15:00Z
01KCXK1Q85A9NKDDDCRZY2TC53,01KCXK1Q852JDAW6MTT4S5WN8K,01KCXGG0VY0001H0Q1FW3N3GYR,Revenue − COGS,True,2025-12-01T22:15:00Z
01KCXK1Q86092AZ04NNYK7BDGP,01KCXK1Q8533HGVPNGJA3DSM0X,01KCXGG0VY0001H0Q1FW3N9Y18,Revenue,True,2025-12-01T22:15:00Z
01KCXK1Q87BTH5SGHH8DHVJYKP,01KCXK1Q86KJQHVFK00DFGXNFZ,01KCXGG0VY0001H0Q1FW3NCC58,Profitability,False,2025-12-01T22:15:00Z
01KCXK1Q882H6PAE67GDGGZF85,01KCXK1Q87X9EW1N4ZGCP2804Y,01KCXGG0W50001H0Q1FW3VAA98,12,True,2025-12-01T22:54:00Z
01KCXK1Q886JMD4CK3CB5EE335,01KCXK1Q88MYYJGDZCHSE261KA,01KCXGG0W50001H0Q1FW3VKG7G,5,True,2025-12-01T22:54:00Z
01KCXK1Q89RENBYAYRPB05V3N6,01KCXK1Q88P9K7Y1AGVWM7BYFT,01KCXGG0W50001H0Q1FW3VX1WR,12,False,2025-12-01T22:54:00Z
01KCXK1Q8A7NMFP84JXGPVQT2V,01KCXK1Q89VFQ1XPDEYGAHPK25,01KCXGG0W50001H0Q1FW3W2408,4,False,2025-12-01T22:54:00Z
01KCXK1Q8AV450EJZTWVYR9BM9,01KCXK1Q8AY4Q6F7QHHHFMS58P,01KCXGG0W50001H0Q1FW3W3C1G,x^5,True,2025-12-01T22:54:00Z
01KCXK1Q8BGJT95Y3V76F9NPRQ,01KCXK1Q8AH7XMC1E3EVYCGFT5,01KCXGG0W60001H0Q1FW3W9T38,1/8,True,2025-12-01T22:54:00Z
01KCXK1Q8B734F0S1Q6VEYYCWP,01KCXK1Q8BM7GSZA4QEZ41JPN0,01KCXGG0W60001H0Q1FW3WEW6R,9π,True,2025-12-01T22:54:00Z
01KCXK1Q8BCK7V92HBV2DCGT6X,01KCXK1Q8BXD1VVTE9QB44HXEG,01KCXGG0W60001H0Q1FW3WN1F8,32,True,2025-12-01T22:54:00Z
01KCXK1Q8C3GPZFX6T0ZSBDQZH,01KCXK1Q8CY532K51D0P48W78X,01KCXGG0W60001H0Q1FW3WRQMG,3,True,2025-12-01T22:54:00Z
01KCXK1Q8C6TYKYA97B8V1KVDM,01KCXK1Q8CXT10R8SVT9JF6HA1,01KCXGG0W60001H0Q1FW3WXQSG,Stack,True,2025-12-01T22:54:00Z
01KCXK1Q8D1FHX1W9BMAF8GDYM,01KCXK1Q8CRPT397X2KF4A183W,01KCXGG0W60001H0Q1FW3X562G,3 2 1,False,2025-12-01T22:54:00Z
01KCXK1Q8E0CW0BE8EYKJZ3KK6,01KCXK1Q8DK2TY7TC789QNYYHW,01KCXGG0W70001H0Q1FW3X7M6G,O(log n),True,2025-12-01T22:54:00Z
01KCXK1Q8E6SZ3BQKEJTT0QKFG,01KCXK1Q8E82HKQ4T9Q9P6TRSZ,01KCXGG0W70001H0Q1FW3XCJD0,x == 5,True,2025-12-01T22:54:00Z
01KCXK1Q8FWWNZN5E2B6R671AA,01KCXK1Q8ESETP1K8ESXQTG6C7,01KCXGG0W70001H0Q1FW3XHFM8,Cannot be changed after creation,True,2025-12-01T22:54:00Z
01KCXK1Q8FXVZ3YK2KDGXZHKHX,01KCXK1Q8FHH8CFWFNSE3QTYNJ,01KCXGG0W70001H0Q1FW3XQXP0,Bubble sort,True,2025-12-01T22:54:00Z
01KCXK1Q8WY9P24FQZZJPCAC2Z,01KCXK1Q8FB31HV3YVSBHJBC4R,01KCXGG0W70001H0Q1FW3XVNSR,Stops the loop immediately,True,2025-12-01T22:54:00Z
01KCXK1Q8XSRWGW39ZQ14DY5VV,01KCXK1Q8W1J68B9FBFKH67QHB,01KCXGG0W70001H0Q1FW3Y1T30,Mode,False,2025-12-01T22:54:00Z
01KCXK1Q8Y426KSNTE9Q7QTW7W,01KCXK1Q8XFQ8ETSVP63H125K9,01KCXGG0W80001H0Q1FW3Y6R9G,Counts across categories,True,2025-12-01T22:54:00Z
01KCXK1Q8ZPNFTX852CB6QFHNF,01KCXK1Q8Y2Q8MQRFCJX85CRT7,01KCXGG0W80001H0Q1FW3YBMHG,No relationship,False,2025-12-01T22:54:00Z
01KCXK1Q90N5SCJX1NR1Q6NPFZ,01KCXK1Q8ZGM3A2Q143B7TRQCJ,01KCXGG0W80001H0Q1FW3YFBP0,An input variable used for prediction,True,2025-12-01T22:54:00Z
01KCXK1Q90RMB33ZC2DMNV55HJ,01KCXK1Q90B5D9G3SRSXS8VPVX,01KCXGG0W80001H0Q1FW3YMERR,Probability of observing data this extreme if null is true,True,2025-12-01T22:54:00Z
01KCXK1Q91RRA8Z5WTD320BEXN,01KCXK1Q9050K1RZ1AMP4ZBPN0,01KCXGG0W80001H0Q1FW3YR4Y0,WHERE,True,2025-12-01T22:54:00Z
01KCXK1Q92NEHN3Z4MD576R1N3,01KCXK1Q91V5V23J3A7BTSSE28,01KCXGG0W80001H0Q1FW3YY880,Primary key,True,2025-12-01T22:54:00Z
01KCXK1Q92QWCQP16TBQ7YNCXQ,01KCXK1Q92Q4NYKJ979PDVASEW,01KCXGG0W90001H0Q1FW3Z34G0,Combines rows from two tables based on a condition,True,2025-12-01T22:54:00Z
01KCXK1Q93EDN9ZH0MC7JSA00W,01KCXK1Q920A5W7E74E8B6AH0D,01KCXGG0W90001H0Q1FW3Z6SP0,1NF,True,2025-12-01T22:54:00Z
01KCXK1Q932659SRW5EYSRH0F3,01KCXK1Q938AE4TWMG0ZWNENTH,01KCXGG0W90001H0Q1FW3ZD5S8,B-tree index,True,2025-12-01T22:54:00Z
01KCXK1Q941NTN9AS8MFTNA30J,01KCXK1Q93WAHRWFAMM65W85F3,01KCXGG0W90001H0Q1FW3ZJ30G,Labeled input-output pairs,True,2025-12-01T22:54:00Z
01KCXK1Q94WBE701ECT4JTCK8Y,01KCXK1Q9407B2A2REP24SXRFQ,01KCXGG0W90001H0Q1FW3ZR79R,Accuracy,True,2025-12-01T22:54:00Z
01KCXK1Q9517AH8GC9CWH5D005,01KCXK1Q944MMTVK47JTS4Q226,01KCXGG0W90001H0Q1FW3ZVVGG,All A are C,True,2025-12-01T22:54:00Z
01KCXK1Q95R2EF3D91TZ6AFNYM,01KCXK1Q95FF7ZN79B7KD7NGVD,01KCXGG0W90001H0Q1FW400VNG,FALSE,True,2025-12-01T22:54:00Z
01KCXK1Q97XVZNAE1SDHE2YCWA,01KCXK1Q96X95BAEHSK1NZA4C7,01KCXGG0WA0001H0Q1FW407GJ0,x=9,True,2025-12-02T00:09:00Z
01KCXK1Q97EXE3K38P3G0BN19Z,01KCXK1Q97SKB83PXCBQ6JR3ER,01KCXGG0WA0001H0Q1FW409YP0,9/8,True,2025-12-02T00:09:00Z
01KCXK1Q98MZ2DN3MFHHX4YE5B,01KCXK1Q97E6R2PC54KZJTWECZ,01KCXGG0WA0001H0Q1FW40G10R,3,True,2025-12-02T00:09:00Z
01KCXK1Q98DTAG1N96P01BYNS3,01KCXK1Q985CNHRDC11XGT3M7X,01KCXGG0WA0001H0Q1FW40PE38,x=±4,True,2025-12-02T00:09:00Z
01KCXK1Q99WSDNKW7JX8GMYC32,01KCXK1Q98MA63YJ4FWZNBMY5K,01KCXGG0WA0001H0Q1FW40RX6G,56,False,2025-12-02T00:09:00Z
01KCXK1Q9AE1WKN3DNS1TW8JCD,01KCXK1Q994JBMEQZ5AVGTGDRG,01KCXGG0WA0001H0Q1FW40YB10,5,True,2025-12-02T00:09:00Z
01KCXK1Q9BPBT7SYHT2DYHEVSG,01KCXK1Q9A02SYJYASY7GW1C9N,01KCXGG0WB0001H0Q1FW414FA8,12,False,2025-12-02T00:09:00Z
01KCXK1Q9BPEE9GY4T8XMJD01N,01KCXK1Q9B6J6CCVEMY274CSB4,01KCXGG0WB0001H0Q1FW419CHG,1/3,True,2025-12-02T00:09:00Z
01KCXK1Q9D52QAKVAJG26DE7DM,01KCXK1Q9BWV19R669Y2QMMNM1,01KCXGG0WB0001H0Q1FW41GSV8,Memoization,False,2025-12-02T00:09:00Z
01KCXK1Q9D5PP6QPFYHC0ZZBSS,01KCXK1Q9DRPMWSTG2EB8C0WYA,01KCXGG0WB0001H0Q1FW41MG0G,O(n^2),True,2025-12-02T00:09:00Z
01KCXK1Q9EGB36TKBCNAYZDGBX,01KCXK1Q9D8DJVX6XAPN5XG933,01KCXGG0WB0001H0Q1FW41PZ3R,hel,False,2025-12-02T00:09:00Z
01KCXK1Q9FREP2SRZA5P0T1PQ0,01KCXK1Q9EA9TTN7893NFSC1RP,01KCXGG0WB0001H0Q1FW41XB70,set,True,2025-12-02T00:09:00Z
01KCXK1Q9F8JEHCGN9VP0XJ5J7,01KCXK1Q9F56D1MD50DA27PCJP,01KCXGG0WC0001H0Q1FW42412R,Race condition,True,2025-12-02T00:09:00Z
01KCXK1Q9GNRDEMW32HS47VSK1,01KCXK1Q9FHKC6YDY5GE5GXAH6,01KCXGG0WC0001H0Q1FW42A5C0,Divide and conquer,True,2025-12-02T00:09:00Z
01KCXK1Q9HRG42KEYKGZH5TY7R,01KCXK1Q9G8TV2DHBPHMW9NC0N,01KCXGG0WC0001H0Q1FW42E1CR,Bundling data with methods and controlling access,True,2025-12-02T00:09:00Z
01KCXK1Q9H55K6CK4XXRTB3D00,01KCXK1Q9HPMP22KG8VZ5M5VNM,01KCXGG0WC0001H0Q1FW42KC9G,Mapping keys to bucket locations,True,2025-12-02T00:09:00Z
01KCXK1Q9JDB7WXNAA3G4PG70G,01KCXK1Q9HZD3SSNT482NY0S10,01KCXGG0WC0001H0Q1FW42RFC8,The baseline/current variant,True,2025-12-02T00:09:00Z
01KCXK1Q9KTR5WJWABY3CYXZZP,01KCXK1Q9J5VRX5MBZE287YF2N,01KCXGG0WC0001H0Q1FW42W7G0,Pie chart,False,2025-12-02T00:09:00Z
01KCXK1Q9KT5P0RN60FRD0BHJM,01KCXK1Q9KCY0R21TBJE1QS5GF,01KCXGG0WD0001H0Q1FW432BS8,Underfitting,True,2025-12-02T00:09:00Z
01KCXK1Q9M4PW620GMDSH17V9T,01KCXK1Q9KC5ZRXKA6EKMZNWK3,01KCXGG0WD0001H0Q1FW437AZ0,Spread/variability,True,2025-12-02T00:09:00Z
01KCXK1Q9MEM4SVNMDE6WQNXCP,01KCXK1Q9MRAKPWBEK1959VKQE,01KCXGG0WD0001H0Q1FW43C770,Classification evaluation,True,2025-12-02T00:09:00Z
01KCXK1Q9P66STZNJPNJYN99N1,01KCXK1Q9MMR7FTZK4HMPV2HVK,01KCXGG0WD0001H0Q1FW43G28G,Training and test split,False,2025-12-02T00:09:00Z
01KCXK1Q9QQQB8NZ37ZJM7365G,01KCXK1Q9P046ZJP1N2SW7KCTB,01KCXGG0WD0001H0Q1FW43PCD8,Filters groups after aggregation,True,2025-12-02T00:09:00Z
01KCXK1Q9RV9PCTDBECQN0FER8,01KCXK1Q9QW3YHM7T3W3QJ9D1V,01KCXGG0WE0001H0Q1FW43XPS8,FULL OUTER JOIN,False,2025-12-02T00:09:00Z
01KCXK1Q9RQFKE1SHQ6E4FXVRP,01KCXK1Q9R2HAM9T04J2W14KAY,01KCXGG0WE0001H0Q1FW4404X8,Referential integrity,True,2025-12-02T00:09:00Z
01KCXK1Q9S9KK2NN0VRQK0A62J,01KCXK1Q9RVYB8RYQJCWKGCKRK,01KCXGG0WE0001H0Q1FW445FT0,UPDATE,True,2025-12-02T00:09:00Z
01KCXK1Q9SNFTRFJXJ99G1222W,01KCXK1Q9SFCQV0ZJC6C07XV6R,01KCXGG0WE0001H0Q1FW44CY30,A set of columns whose combination is unique,True,2025-12-02T00:09:00Z
01KCXK1Q9TB5AM57J5ZRRAXKGN,01KCXK1Q9SRGBB2M5150AKP82N,01KCXGG0WE0001H0Q1FW44J250,Number of clusters,True,2025-12-02T00:09:00Z
01KCXK1Q9T37SFYMDWH95YCTKQ,01KCXK1Q9TKY6D2CTV9TSDRAX0,01KCXGG0WE0001H0Q1FW44NV80,Performs well on training but poorly on new data,True,2025-12-02T00:09:00Z
01KCXK1Q9V62J6QS75E6BJG16F,01KCXK1Q9T34RTPSM1MTNDGQSD,01KCXGG0WF0001H0Q1FW44ZQN0,P is false and Q is true,False,2025-12-02T00:09:00Z
01KCXK1Q9WKZ5YRCTPWD1CS39D,01KCXK1Q9W3PZ9PVS2A2QQ8703,01KCXGG0WG0001H0Q1FW46NZZG,She runs quickly.,True,2025-12-02T02:58:00Z
01KCXK1Q9XGZKVB9F3ZAEQEBFX,01KCXK1Q9WHRD0CFPT5M96C1NF,01KCXGG0WH0001H0Q1FW46VCTR,Happiness,True,2025-12-02T02:58:00Z
01KCXK1Q9XM51K03Z4HKB59QNJ,01KCXK1Q9XTSNBYVBMP1K4PTJ5,01KCXGG0WH0001H0Q1FW470C0G,He is good at math.,True,2025-12-02T02:58:00Z
01KCXK1Q9Y6WXTQ6BHT9TEZKKQ,01KCXK1Q9XY7HGZDXWW8FW6EWC,01KCXGG0WH0001H0Q1FW475A70,Neither of the answers is correct.,True,2025-12-02T02:58:00Z
01KCXK1Q9Y1AXZ08MXX908ZQW8,01KCXK1Q9Y2JQFQ8FDJ6WHM3YE,01KCXGG0WH0001H0Q1FW47A7E8,Central point,True,2025-12-02T02:58:00Z
01KCXK1Q9YENX729528GSYJTWX,01KCXK1Q9YJNFWTXCMP20D0FVD,01KCXGG0WH0001H0Q1FW47GJJ8,A conclusion based on evidence,True,2025-12-02T02:58:00Z
01KCXK1Q9ZM42Y8Q6ZXZEMVZ4K,01KCXK1Q9YBGM7TFW9QA7DN1JD,01KCXGG0WH0001H0Q1FW47M8QG,Good enough,True,2025-12-02T02:58:00Z
01KCXK1Q9Z8Q8SRDQW8YJHNJCY,01KCXK1Q9ZC9V9E1YRYPFXRMP5,01KCXGG0WJ0001H0Q1FW47SDRR,Official reports,True,2025-12-02T02:58:00Z
01KCXK1QA0ARCS7J2408A6983Y,01KCXK1Q9ZT2DZ56X6F48MB47N,01KCXGG0WJ0001H0Q1FW47YHTR,She runs quickly.,True,2025-12-02T02:58:00Z
01KCXK1QA1FKR468VNRDQ18K4T,01KCXK1QA0QZH67HXJ5BPJ71WV,01KCXGG0WJ0001H0Q1FW484V08,Blue,False,2025-12-02T02:58:00Z
01KCXK1QA1SMQSZ6XGRQ5RZA18,01KCXK1QA1TWJQ97YA36TZPH7M,01KCXGG0WJ0001H0Q1FW488R08,He is good at math.,True,2025-12-02T02:58:00Z
01KCXK1QA2J5FYWYCBY42P1QHN,01KCXK1QA1DZKE91D2ZVPAWWDM,01KCXGG0WJ0001H0Q1FW48DN7G,Neither of the answers is correct.,True,2025-12-02T02:58:00Z
01KCXK1QA2JE213KREE7NZXCNY,01KCXK1QA294SX7A86J5JS72EE,01KCXGG0WK0001H0Q1FW48KYD0,Last sentence,False,2025-12-02T02:58:00Z
01KCXK1QA3FVJYT65BDYH7AQ49,01KCXK1QA2H280ATH9D7KE34BF,01KCXGG0WK0001H0Q1FW48QKK0,A guess with no evidence,False,2025-12-02T02:58:00Z
01KCXK1QA417JJVZ1WJGV6KZQ5,01KCXK1QA3NBSR80PAK99RZJAY,01KCXGG0WK0001H0Q1FW48WFV0,Good enough,True,2025-12-02T02:58:00Z
01KCXK1QA5N5BQ8V0AA30V937F,01KCXK1QA44WCB3V0CG4AQF0WK,01KCXGG0WK0001H0Q1FW496D78,Casual chats,False,2025-12-02T02:58:00Z
01KCXK1QA52600TFF3SZGZJKHV,01KCXK1QA5431K3GVG55VBMZ7W,01KCXGG0WK0001H0Q1FW49A79G,She runs quickly.,True,2025-12-02T02:58:00Z
01KCXK1QA50XP6B3HFE5W9G8KA,01KCXK1QA5XSWHZX2QN9D8SJZY,01KCXGG0WK0001H0Q1FW49F6F8,Happiness,True,2025-12-02T02:58:00Z
01KCXK1QA6988NBVBHWB9P04ZF,01KCXK1QA5MC3WG00DZV0HYCA0,01KCXGG0WM0001H0Q1FW49M4NR,He is good at math.,True,2025-12-02T02:58:00Z
01KCXK1QA67S54SVEX7J5FMMS1,01KCXK1QA6FNPTAKVEEJ4S24N5,01KCXGG0WM0001H0Q1FW49T8Z0,Neither of the answers is correct.,True,2025-12-02T02:58:00Z
01KCXK1QA71BFWJN5D2CA2AZY2,01KCXK1QA64BPN0GZ6JGMKGCAX,01KCXGG0WM0001H0Q1FW4A1P8R,First word,False,2025-12-02T02:58:00Z
01KCXK1QA78GK11MYNS2STGVKV,01KCXK1QA7S880H1XJB927P6C8,01KCXGG0WM0001H0Q1FW4A5BER,A conclusion based on evidence,True,2025-12-02T02:58:00Z
01KCXK1QA8TZGDZ6VTQFT09PPR,01KCXK1QA8K138VB3JR7DG503Q,01KCXGG0WM0001H0Q1FW4A97FG,Good enough,True,2025-12-02T02:58:00Z
01KCXK1QA8GDYGR5NV42DWR115,01KCXK1QA85D45ZF36SQTBVFWH,01KCXGG0WM0001H0Q1FW4AE3QG,Official reports,True,2025-12-02T02:58:00Z
01KCXK1QA9H6CGDPNQWXMS54X4,01KCXK1QA8647Q3FCKAP3WGTEP,01KCXGG0WN0001H0Q1FW4AK6T8,She runs quickly.,True,2025-12-02T02:58:00Z
01KCXK1QA955J3EWDK70914S1B,01KCXK1QA9P69ES0123G2KQT43,01KCXGG0WN0001H0Q1FW4AR41G,Happiness,True,2025-12-02T02:58:00Z
01KCXK1QAA9C8NP22GGZWGX82S,01KCXK1QA96TQVAN5Z4TY7GABD,01KCXGG0WN0001H0Q1FW4AZGC0,He is good with math.,False,2025-12-02T02:58:00Z
01KCXK1QAAPPQ71GZC99KRN8P7,01KCXK1QAAMR5SZ1M2M4MJMBFJ,01KCXGG0WN0001H0Q1FW4B1XGR,Neither of the answers is correct.,True,2025-12-02T02:58:00Z
01KCXK1QAB6SGB7ST7CJ9R7DKX,01KCXK1QABMHYM3ZRSV7GMJJM4,01KCXGG0WN0001H0Q1FW4B5JPR,A minor detail,False,2025-12-02T02:58:00Z
01KCXK1QAC6WH0N2JWSK7N2FFC,01KCXK1QABP4KZBV1N64R2ZYPH,01KCXGG0WN0001H0Q1FW4BBN1G,A guess with no evidence,False,2025-12-02T02:58:00Z
01KCXK1QADHZ4D8S79WMSBN0PF,01KCXK1QACQXKTSH06NJ2X2F7N,01KCXGG0WP0001H0Q1FW4BGP5R,Good enough,True,2025-12-02T02:58:00Z
01KCXK1QADGT48MN15XCSBRWD0,01KCXK1QAD6A9C64QET97KF0P1,01KCXGG0WP0001H0Q1FW4BNQA0,Official reports,True,2025-12-02T02:58:00Z
01KCXK1QAEYZF8KCC2SZ8A7K4K,01KCXK1QADTFCM2Y53VPTPDPQQ,01KCXGG0WP0001H0Q1FW4BTMH8,She runs quickly.,True,2025-12-02T05:54:00Z
01KCXK1QAE6KA8QCKKDENAAN76,01KCXK1QAED34N0XFWTZ2DQPV0,01KCXGG0WP0001H0Q1FW4BZWG8,Happiness,True,2025-12-02T05:54:00Z
01KCXK1QAFPD9M3DX2NHBV0PSJ,01KCXK1QAEPGZCJYGY65X1JT93,01KCXGG0WP0001H0Q1FW4C4WN8,He is good at math.,True,2025-12-02T05:54:00Z
01KCXK1QAF2F47W6HTCDVFHKY7,01KCXK1QAFPAVVHCPPPCX0BDDH,01KCXGG0WP0001H0Q1FW4C9ZR0,Neither of the answers is correct.,True,2025-12-02T05:54:00Z
01KCXK1QAGKRB71QHPE8SD9N26,01KCXK1QAFGAYPZPFWVFW6H4ZM,01KCXGG0WQ0001H0Q1FW4CEW00,Central point,True,2025-12-02T05:54:00Z
01KCXK1QAG2P8ZVYE23PEM7TNF,01KCXK1QAGTZA2TD7AG3H3P716,01KCXGG0WQ0001H0Q1FW4CN64R,A conclusion based on evidence,True,2025-12-02T05:54:00Z
01KCXK1QAHGBTXKRDXV414WK4J,01KCXK1QAGW2R568YEWKGEB3A1,01KCXGG0WQ0001H0Q1FW4CRWA0,Good enough,True,2025-12-02T05:54:00Z
01KCXK1QAJM4NPWS9VGEFZKPTF,01KCXK1QAHWRHF8EDCEXDV9VRT,01KCXGG0WQ0001H0Q1FW4CZ5FG,Casual chats,False,2025-12-02T05:54:00Z
01KCXK1QAJDWECBJ0E0K2W4GE0,01KCXK1QAJ62NM48FPJWA6X4YN,01KCXGG0WQ0001H0Q1FW4D2TNG,She runs quickly.,True,2025-12-02T05:54:00Z
01KCXK1QAJW1S7Z0AK5GPX4A0B,01KCXK1QAJQ43ATMZ7CSJ64396,01KCXGG0WQ0001H0Q1FW4D7NY8,Happiness,True,2025-12-02T05:54:00Z
01KCXK1QAK7EZD604WBA80B337,01KCXK1QAKXSW91CEHD1XCPSNS,01KCXGG0WR0001H0Q1FW4DCH70,He is good at math.,True,2025-12-02T05:54:00Z
01KCXK1QAM28WNQF5E7JRDAV8M,01KCXK1QAK2SG4AH4J81HY932G,01KCXGG0WR0001H0Q1FW4DJMH0,Neither answers is correct.,False,2025-12-02T05:54:00Z
01KCXK1QAME7HYCTB8Z7Z9GG6Z,01KCXK1QAMRKPSKR4RREV9VP2R,01KCXGG0WR0001H0Q1FW4DP9Q0,Central point,True,2025-12-02T05:54:00Z
01KCXK1QANPRFCB7BPHFSHY1JE,01KCXK1QAMJ55VTZAA6D8V19ZB,01KCXGG0WR0001H0Q1FW4DWGY0,A conclusion based on evidence,True,2025-12-02T05:54:00Z
01KCXK1QANGE3ZRQ5NHT1BRDSN,01KCXK1QANCG109XKM60RG56S6,01KCXGG0WR0001H0Q1FW4E054R,Good enough,True,2025-12-02T05:54:00Z
01KCXK1QAPH9S17JEBZEVEH5ZH,01KCXK1QANRK49HCK1E7MNMB1W,01KCXGG0WR0001H0Q1FW4E4ZE8,Official reports,True,2025-12-02T05:54:00Z
01KCXK1QAP94JP8CZ6T54HYS5M,01KCXK1QAPCZN5CMRFM3Y9F4MN,01KCXGG0WR0001H0Q1FW4E9VP8,She runs quickly.,True,2025-12-02T05:54:00Z
01KCXK1QAQNGPZCBBR27YBENNV,01KCXK1QAP26KV7SMCFXQBQQ3B,01KCXGG0WS0001H0Q1FW4EH530,Run,False,2025-12-02T05:54:00Z
01KCXK1QARNKT6BZTDSGDS7Q7V,01KCXK1QAQ6GEYXN6BJKSA2JG7,01KCXGG0WS0001H0Q1FW4EP580,He is good with math.,False,2025-12-02T05:54:00Z
01KCXK1QARBXGGENY49AP42DD4,01KCXK1QAR1PYT6K2REVM6G1BA,01KCXGG0WS0001H0Q1FW4ERKC0,Neither of the answers is correct.,True,2025-12-02T05:54:00Z
01KCXK1QAS7ZDQX7V777G30KVA,01KCXK1QAR0VSEVD9FSSSPNYMF,01KCXGG0WS0001H0Q1FW4EXEMR,Central point,True,2025-12-02T05:54:00Z
01KCXK1QASCTRQEABB816TTA0B,01KCXK1QASQFWM7PN0558872F0,01KCXGG0WS0001H0Q1FW4F3GZG,A conclusion based on evidence,True,2025-12-02T05:54:00Z
01KCXK1QATQR02VX0Q26RW4YQB,01KCXK1QAS10QHPP5V1TNEFNBN,01KCXGG0WS0001H0Q1FW4F7568,Good enough,True,2025-12-02T05:54:00Z
01KCXK1QAT8DTQMSW9BGQ540NT,01KCXK1QAT9W12K9PC1PS67P33,01KCXGG0WT0001H0Q1FW4FC79R,Official reports,True,2025-12-02T05:54:00Z
01KCXK1QAV99CCHAZQ7TQ5A81T,01KCXK1QATQAY4MHNJ139S7T6A,01KCXGG0WT0001H0Q1FW4FJDHG,She run quickly.,False,2025-12-02T05:54:00Z
01KCXK1QAW751X4RBSK21G5RP6,01KCXK1QAVPRB2KCV3VQ4G28TW,01KCXGG0WT0001H0Q1FW4FP1R8,Happiness,True,2025-12-02T05:54:00Z
01KCXK1QAW3CCMCPHATCF8WTSK,01KCXK1QAWN9QMDSGYDZRCAHK5,01KCXGG0WT0001H0Q1FW4FTY08,He is good at math.,True,2025-12-02T05:54:00Z
01KCXK1QAWT61W0ZJPW4C3XHT2,01KCXK1QAWM7K5CVKKD074QNAG,01KCXGG0WT0001H0Q1FW4FZS90,Neither of the answers is correct.,True,2025-12-02T05:54:00Z
01KCXK1QAXV5JT9PDRJY7XFTK6,01KCXK1QAWQ8H91FRB6DKZ1P20,01KCXGG0WT0001H0Q1FW4G4KJG,Central point,True,2025-12-02T05:54:00Z
01KCXK1QAX4HEEJYJYJV1AJWCS,01KCXK1QAX6AT6J661JPK3TNV4,01KCXGG0WV0001H0Q1FW4GB5H8,A conclusion based on evidence,True,2025-12-02T05:54:00Z
01KCXK1QAYJ7R2J0XPAFT5GNGV,01KCXK1QAXWYHNMNFPZYZ3PNBB,01KCXGG0WV0001H0Q1FW4GESR0,Good enough,True,2025-12-02T05:54:00Z
01KCXK1QAYFNH32FVPYE59KFVV,01KCXK1QAY3AMZ6BZ5RC7EN586,01KCXGG0WV0001H0Q1FW4GM3NG,Official reports,True,2025-12-02T05:54:00Z
01KCXK1QAZSZJW8WTVH6QFXGDD,01KCXK1QAZ56V00D7B77N44E7H,01KCXGG0WV0001H0Q1FW4GS7QG,Transparency,True,2025-12-02T08:37:00Z
01KCXK1QB0PMNTJNPBCEKC9QNN,01KCXK1QAZCJ00RTS94PJN9KXJ,01KCXGG0WV0001H0Q1FW4GYJM8,Public revenue and expenditure,True,2025-12-02T08:37:00Z
01KCXK1QB0NEQCZFQDX677F11F,01KCXK1QB021W6PPEVPCN658B6,01KCXGG0WV0001H0Q1FW4H3EW8,Define objectives and authority,True,2025-12-02T08:37:00Z
01KCXK1QB1WP9JQVVNY9HHSE0X,01KCXK1QB0KX4JGC5RGBCVSVJV,01KCXGG0WW0001H0Q1FW4H95G0,Personal interest influences official duty,True,2025-12-02T08:37:00Z
01KCXK1QB17DA52F5J1R8XSZJJ,01KCXK1QB1ZNN6C366AR2K5VWZ,01KCXGG0WW0001H0Q1FW4HD8BG,Officials answer to citizens,True,2025-12-02T08:37:00Z
01KCXK1QB1BVPZ771MC2K5XKB6,01KCXK1QB1W731D9Z6MEPFDW4Z,01KCXGG0WW0001H0Q1FW4HKHH0,Identify and mitigate risks,True,2025-12-02T08:37:00Z
01KCXK1QB27WKDJMBN7NZ52R7E,01KCXK1QB2CKDCZ5ST9NN5AZAP,01KCXGG0WW0001H0Q1FW4HRCSR,Measure performance,True,2025-12-02T08:37:00Z
01KCXK1QB2374JADMEE01B0N6V,01KCXK1QB2TTCQMRNG53MGHY7V,01KCXGG0WW0001H0Q1FW4HXNR0,Autocratic,True,2025-12-02T08:37:00Z
01KCXK1QB391EM894THCN82P5X,01KCXK1QB2T8N5BNKS3J68XR7J,01KCXGG0WW0001H0Q1FW4J38ER,Transparency,True,2025-12-02T08:37:00Z
01KCXK1QB4GBGVXRWZTJJQCMCG,01KCXK1QB3XYRTB3J1QYNYWSDZ,01KCXGG0WX0001H0Q1FW4J84PR,Public revenue and expenditure,True,2025-12-02T08:37:00Z
01KCXK1QB55MSTEK26SYBXM0HR,01KCXK1QB47P5YT91PDRZ4WEHE,01KCXGG0WX0001H0Q1FW4JCZZG,Define objectives and authority,True,2025-12-02T08:37:00Z
01KCXK1QB5FNT06ZFRM9A9B7Q9,01KCXK1QB50BWFR96QR07QGMAW,01KCXGG0WX0001H0Q1FW4JHT90,Personal interest influences official duty,True,2025-12-02T08:37:00Z
01KCXK1QB65WBREGQ0GFWG3HY3,01KCXK1QB5JGVKC5D9HNV8M0SJ,01KCXGG0WX0001H0Q1FW4JNEFR,Officials answer to citizens,True,2025-12-02T08:37:00Z
01KCXK1QB680P4J4KVYWH53XPK,01KCXK1QB6W5MPP0XE6Q4W5KXQ,01KCXGG0WX0001H0Q1FW4JVRMG,Identify and mitigate risks,True,2025-12-02T08:37:00Z
01KCXK1QB7X6YCZB9RAY4097XS,01KCXK1QB6V106ZB4CME2J6873,01KCXGG0WX0001H0Q1FW4K0KX8,Measure performance,True,2025-12-02T08:37:00Z
01KCXK1QB7C6FR7MP0PVWJ5FB1,01KCXK1QB7CBJR4S9ND6A6WKSR,01KCXGG0WY0001H0Q1FW4K5F60,Autocratic,True,2025-12-02T08:37:00Z
01KCXK1QB8RXEXRHBGXWSJRRXF,01KCXK1QB7B0SE5NVQ3TBTGYMT,01KCXGG0WY0001H0Q1FW4KAAER,Transparency,True,2025-12-02T08:37:00Z
01KCXK1QB8FF6874D53CHGQE2S,01KCXK1QB8Y9FKQM6HDGQBBRE6,01KCXGG0WY0001H0Q1FW4KFJDR,Public revenue and expenditure,True,2025-12-02T08:37:00Z
01KCXK1QB9RS7ZPMC8QN5P3ACG,01KCXK1QB8NR5F4HECS57FEY1S,01KCXGG0WY0001H0Q1FW4KMGM8,Define objectives and authority,True,2025-12-02T08:37:00Z
01KCXK1QB9HXSYWMYRNFSRQ7HB,01KCXK1QB93AR0NJWBKDHZW4C7,01KCXGG0WY0001H0Q1FW4KSKQ0,Personal interest influences official duty,True,2025-12-02T08:37:00Z
01KCXK1QBARD9YF823ARWSQSWT,01KCXK1QB93B6K43P529TPWPAQ,01KCXGG0WY0001H0Q1FW4KX8X0,Officials answer to citizens,True,2025-12-02T08:37:00Z
01KCXK1QBA967SMWCF8AM63BE9,01KCXK1QBAGQ65E0MDKJ9SVAX3,01KCXGG0WZ0001H0Q1FW4M3C70,Identify and mitigate risks,True,2025-12-02T08:37:00Z
01KCXK1QBBYJHKJY191WY1NXSE,01KCXK1QBBGRBZ3AVMG4YMVRWK,01KCXGG0WZ0001H0Q1FW4M8EAG,Measure performance,True,2025-12-02T08:37:00Z
01KCXK1QBBVB1QMBRWTK452BX0,01KCXK1QBBYRBFQ57P9EPE37GZ,01KCXGG0WZ0001H0Q1FW4MD8M0,Autocratic,True,2025-12-02T08:37:00Z
01KCXK1QBCQH2XZ70JGWXZJ0XX,01KCXK1QBCDF3RAWXX7GQBDZB0,01KCXGG0WZ0001H0Q1FW4MJ6TG,Transparency,True,2025-12-02T08:37:00Z
01KCXK1QBD9N2701XM6VNVZSA2,01KCXK1QBCVD2K6CEATS32SDZT,01KCXGG0WZ0001H0Q1FW4MQ238,Public revenue and expenditure,True,2025-12-02T08:37:00Z
01KCXK1QBD79PFV4G0SR9DAP3Z,01KCXK1QBDVYPW6XKAEPMYK8XT,01KCXGG0WZ0001H0Q1FW4MVXC0,Define objectives and authority,True,2025-12-02T08:37:00Z
01KCXK1QBDT5Y4RA2ZG7JSSKSR,01KCXK1QBDY54GDXMC31ZS1CFP,01KCXGG0X00001H0Q1FW4N0ZFG,Personal interest influences official duty,True,2025-12-02T08:37:00Z
01KCXK1QBEQXKSNNBQ1Q7NTS8S,01KCXK1QBEWP3DKTMN77Z4SPEF,01KCXGG0X00001H0Q1FW4N4MNG,Officials answer to citizens,True,2025-12-02T08:37:00Z
01KCXK1QBE60TW3HB5EGQSMRS8,01KCXK1QBEFJ8MZ1GPXX398FD6,01KCXGG0X00001H0Q1FW4NAQ08,Identify and mitigate risks,True,2025-12-02T08:37:00Z
01KCXK1QBFRGK478YAP0GBPTGK,01KCXK1QBFCJW21FZF9J1R2698,01KCXGG0X00001H0Q1FW4NFN6R,Measure performance,True,2025-12-02T08:37:00Z
01KCXK1QBGN1CRHR86ACJBFYRT,01KCXK1QBF1YJY7MKD7KSNE8Q2,01KCXGG0X00001H0Q1FW4NMT80,Autocratic,True,2025-12-02T08:37:00Z
01KCXK1QBHVDBQ6713MP8R8F4S,01KCXK1QBGG2W071QN1Z8KD651,01KCXGG0X00001H0Q1FW4NSWBG,Transparency,True,2025-12-02T09:24:00Z
01KCXK1QBH1KKFD8MZHFWC3NR5,01KCXK1QBH6W3MDT9RC5J2MFG8,01KCXGG0X00001H0Q1FW4NYQM8,Public revenue and expenditure,True,2025-12-02T09:24:00Z
01KCXK1QBJ99J675NKVF6XY3EE,01KCXK1QBH6YFEMEDPMENW3A44,01KCXGG0X10001H0Q1FW4P3KW8,Define objectives and authority,True,2025-12-02T09:24:00Z
01KCXK1QBJF7MRP4C2T4AX7006,01KCXK1QBJZD63D6HS2VH0XDWG,01KCXGG0X10001H0Q1FW4P8F50,Personal interest influences official duty,True,2025-12-02T09:24:00Z
01KCXK1QBKR72K8CYX3QKWPAG1,01KCXK1QBJ90KJAPCBMMZYGBQA,01KCXGG0X10001H0Q1FW4PCQW0,Officials answer to citizens,True,2025-12-02T09:24:00Z
01KCXK1QC04KSNCRNR6FB6Z9N7,01KCXK1QBKARCTDEG4BK5S4V67,01KCXGG0X10001H0Q1FW4PKEQ0,Identify and mitigate risks,True,2025-12-02T09:24:00Z
01KCXK1QC159M6ATJA7CR837TG,01KCXK1QC0H0AQVT8AWZWJ8VP7,01KCXGG0X10001H0Q1FW4PRMQG,Measure performance,True,2025-12-02T09:24:00Z
01KCXK1QC1HP6KG3TJ96DD6M4W,01KCXK1QC125HRA2J9FDTX31HG,01KCXGG0X20001H0Q1FW4PY1JR,Autocratic,True,2025-12-02T09:24:00Z
01KCXK1QC2MZDNH4W4HWVWQYNJ,01KCXK1QC1PFKQKN09YSW7S9JT,01KCXGG0X20001H0Q1FW4Q2WVG,Transparency,True,2025-12-02T09:24:00Z
01KCXK1QC2TTK4QT0RWD3ST9GA,01KCXK1QC2BK64RVTCR0Q65A3M,01KCXGG0X20001H0Q1FW4Q85SR,Public revenue and expenditure,True,2025-12-02T09:24:00Z
01KCXK1QC3EDTKD260XWWAC917,01KCXK1QC2EEM7ET6CEP9MTQ7Z,01KCXGG0X20001H0Q1FW4QD8WG,Define objectives and authority,True,2025-12-02T09:24:00Z
01KCXK1QC3B5MMRM20Z420WETZ,01KCXK1QC3TW5JEEDE8KGDV9M1,01KCXGG0X20001H0Q1FW4QJA0R,Personal interest influences official duty,True,2025-12-02T09:24:00Z
01KCXK1QC4YEC2E49K0ST7YH3R,01KCXK1QC3YQCVR9X44Q1VCHQM,01KCXGG0X20001H0Q1FW4QPBX0,Officials answer to citizens,True,2025-12-02T09:24:00Z
01KCXK1QC4P9XVJ61D2WD5CTQ1,01KCXK1QC498NMNKRD25F0KJNF,01KCXGG0X30001H0Q1FW4QWJ4R,Identify and mitigate risks,True,2025-12-02T09:24:00Z
01KCXK1QC5FCM0SH9PSKQS0N4E,01KCXK1QC4HTF1BACNP65J2ZWY,01KCXGG0X30001H0Q1FW4R1DDG,Measure performance,True,2025-12-02T09:24:00Z
01KCXK1QC67X729FW94WYFZJGY,01KCXK1QC5RE7RPV1RP6194YV1,01KCXGG0X30001H0Q1FW4R6RA8,Autocratic,True,2025-12-02T09:24:00Z
01KCXK1QC6YG6WHEJMZNDKGVQ6,01KCXK1QC6X39VVWVWWY67NFZB,01KCXGG0X30001H0Q1FW4RBZA0,Transparency,True,2025-12-02T09:24:00Z
01KCXK1QC7XZH8VP28RVJER8ZZ,01KCXK1QC7AXVY24MWRFXB0AZF,01KCXGG0X30001H0Q1FW4RH0E8,Public revenue and expenditure,True,2025-12-02T09:24:00Z
01KCXK1QC8D93ZWGYE488Y6F9X,01KCXK1QC72FA3C61D71073QRT,01KCXGG0X30001H0Q1FW4RPQ20,Define objectives and authority,True,2025-12-02T09:24:00Z
01KCXK1QC8G3DSGZQ15JM98YP9,01KCXK1QC8PWHNF5VDAMVGMV2M,01KCXGG0X40001H0Q1FW4RVV40,Personal interest influences official duty,True,2025-12-02T09:24:00Z
01KCXK1QC8M0CGDWHQ30DWVQY9,01KCXK1QC8Y9PHJW6ETQGRC2QC,01KCXGG0X40001H0Q1FW4RZFAR,Officials answer to citizens,True,2025-12-02T09:24:00Z
01KCXK1QC97B2BZH4K92S95MBX,01KCXK1QC934G6CQM03FP39E2Z,01KCXGG0X40001H0Q1FW4S5QH0,Identify and mitigate risks,True,2025-12-02T09:24:00Z
01KCXK1QCAPTY95B4P9RQZ8ZZ5,01KCXK1QC9NEGWMFSHQWVXHBAV,01KCXGG0X40001H0Q1FW4SATKR,Measure performance,True,2025-12-02T09:24:00Z
01KCXK1QCABNQWTDW6YK39YW4G,01KCXK1QCAN5HAGJAZYJB0BC30,01KCXGG0X40001H0Q1FW4SFNWG,Autocratic,True,2025-12-02T09:24:00Z
01KCXK1QCBPX6WAKE21R5089WZ,01KCXK1QCAJPPXFCSDWV8JFCMK,01KCXGG0X40001H0Q1FW4SMH58,Transparency,True,2025-12-02T09:24:00Z
01KCXK1QCCGXX6KMGQRW4KFK9A,01KCXK1QCB7HDKBX2Y1C648WKQ,01KCXGG0X50001H0Q1FW4SSGB0,Public revenue and expenditure,True,2025-12-02T09:24:00Z
01KCXK1QCC4JD64DY305SV3KKN,01KCXK1QCCQZTNHFV1219ZR4A7,01KCXGG0X50001H0Q1FW4SYCK0,Define objectives and authority,True,2025-12-02T09:24:00Z
01KCXK1QCCDD4E1PE9T82M8CC7,01KCXK1QCCESY1ACS9Y07F5NM1,01KCXGG0X50001H0Q1FW4T3HM8,Personal interest influences official duty,True,2025-12-02T09:24:00Z
01KCXK1QCDXBWDFF3Q5966XKCR,01KCXK1QCDKMA18D8JTK93RZVZ,01KCXGG0X50001H0Q1FW4T7HJ0,Officials answer to citizens,True,2025-12-02T09:24:00Z
01KCXK1QCD9CTS9APD0C72GRFJ,01KCXK1QCD2PEMGXWR8CQEE53D,01KCXGG0X50001H0Q1FW4TDJXG,Identify and mitigate risks,True,2025-12-02T09:24:00Z
01KCXK1QCE65ZW6GQ2QNZQRWMC,01KCXK1QCDZV90SPK0JH66MQ78,01KCXGG0X50001H0Q1FW4TJF5G,Measure performance,True,2025-12-02T09:24:00Z
01KCXK1QCE07V6VWANHVHQS2RH,01KCXK1QCEHS57VYHFSBZ9BS0P,01KCXGG0X50001H0Q1FW4TQFAG,Autocratic,True,2025-12-02T09:24:00Z
01KCXK1QCGXD1622R3QVM5Y8SR,01KCXK1QCFVWAW4FS3G6SHV56Z,01KCXGG0X60001H0Q1FW4TW9M0,Network communication,True,2025-12-02T12:16:00Z
01KCXK1QCGHD1R9WD5ERM3GV01,01KCXK1QCGK1XDWHPYYSS3MDR0,01KCXGG0X60001H0Q1FW4V1TC8,Control network traffic,True,2025-12-02T12:16:00Z
01KCXK1QCHYJZTWM2JJ362E1VT,01KCXK1QCGH1HT03RCYG1S56ZH,01KCXGG0X60001H0Q1FW4V6TH8,Deployment speed and reliability,True,2025-12-02T12:16:00Z
01KCXK1QCHARX352WKBCQ1E1DM,01KCXK1QCHQW3ZJ354D7RWYAJ8,01KCXGG0X60001H0Q1FW4VCG5R,Isolating applications,True,2025-12-02T12:16:00Z
01KCXK1QCJ36RS42GHC5XKM3BD,01KCXK1QCH2FK7GSANGK6TP1ST,01KCXGG0X60001H0Q1FW4VJJGG,On-demand scalable resources,True,2025-12-02T12:16:00Z
01KCXK1QCJSHHSKDXH669A9Y68,01KCXK1QCJ2JVK2GJP1ZRWT6YM,01KCXGG0X70001H0Q1FW4VQKMR,Secure remote access,True,2025-12-02T12:16:00Z
01KCXK1QCKYMPMC2RDH99RG9E7,01KCXK1QCJT7A3HGJ3S0FDA428,01KCXGG0X70001H0Q1FW4VWDY8,Network traffic,True,2025-12-02T12:16:00Z
01KCXK1QCMDGPPE3H2WJSS475M,01KCXK1QCKZ6MNXS5F4R0GDSSG,01KCXGG0X70001H0Q1FW4W4048,Documentation only,False,2025-12-02T12:16:00Z
01KCXK1QCMFKT0G6DRWRFS9TAW,01KCXK1QCM591173SXJC052F2X,01KCXGG0X70001H0Q1FW4W6P28,Network communication,True,2025-12-02T12:16:00Z
01KCXK1QCNN2D8JEG59FGAQXBF,01KCXK1QCMEPWRYRAG5F3PWYM7,01KCXGG0X70001H0Q1FW4WBQ6G,Control network traffic,True,2025-12-02T12:16:00Z
01KCXK1QCNTDP9B6W835M36H95,01KCXK1QCN6GAVJB7MMQQSNVDR,01KCXGG0X70001H0Q1FW4WH510,Deployment speed and reliability,True,2025-12-02T12:16:00Z
01KCXK1QCPC4X8GKC9EDBHHNA8,01KCXK1QCNEQ24RJT8N2EE87K7,01KCXGG0X80001H0Q1FW4WP74G,Isolating applications,True,2025-12-02T12:16:00Z
01KCXK1QCPN90PQ55TY281E3VH,01KCXK1QCPAA2WZSDHRVEB8BYK,01KCXGG0X80001H0Q1FW4WVJ18,On-demand scalable resources,True,2025-12-02T12:16:00Z
01KCXK1QCP8D1GAMRZYMKV4RGH,01KCXK1QCP7TVTBF9NPCCEXG16,01KCXGG0X80001H0Q1FW4X26XR,Secure remote access,True,2025-12-02T12:16:00Z
01KCXK1QCQGS7V5F6YJYG9896N,01KCXK1QCQ0CXRTBTFBG67HC7C,01KCXGG0X80001H0Q1FW4X8RWG,Network traffic,True,2025-12-02T12:16:00Z
01KCXK1QCQY2JC1TMFXZ5W5BV4,01KCXK1QCQ34T5GY6JE67NNHZA,01KCXGG0X80001H0Q1FW4XDP3R,Collaboration and automation,True,2025-12-02T12:16:00Z
01KCXK1QCRA9EG2PPSM38XH60B,01KCXK1QCR2YXT6MPZARYBGGHD,01KCXGG0X80001H0Q1FW4XJW48,Network communication,True,2025-12-02T12:16:00Z
01KCXK1QCRWAJ7162GYV871XTV,01KCXK1QCRPRF1WKGY4N7TCMD7,01KCXGG0X90001H0Q1FW4XRQM8,Control network traffic,True,2025-12-02T12:16:00Z
01KCXK1QCSCS0A4B130FJX5JYH,01KCXK1QCRS04JGQQH1GBY21VG,01KCXGG0X90001H0Q1FW4XXQS8,Deployment speed and reliability,True,2025-12-02T12:16:00Z
01KCXK1QCSZR0T00KWJ1WK15HA,01KCXK1QCSY45N51GHB1CP1G3V,01KCXGG0X90001H0Q1FW4Y33N8,Isolating applications,True,2025-12-02T12:16:00Z
01KCXK1QCTJGPAWATWDDHSEKCD,01KCXK1QCS3FG8EPZMWWPW48FJ,01KCXGG0X90001H0Q1FW4Y7ZX8,On-demand scalable resources,True,2025-12-02T12:16:00Z
01KCXK1QCT8R7647014Z4PK1PB,01KCXK1QCTJZ7MD9AEZQ44S80Y,01KCXGG0X90001H0Q1FW4YCZ30,Secure remote access,True,2025-12-02T12:16:00Z
01KCXK1QCVWDM4XSCHWP8SJZ0X,01KCXK1QCTVSWAQYFH5NSC66G0,01KCXGG0XA0001H0Q1FW4YHY8R,Network traffic,True,2025-12-02T12:16:00Z
01KCXK1QCV91HDNV8F3GQCNC6R,01KCXK1QCVF2FXJQ3HWG6ZR2HS,01KCXGG0XA0001H0Q1FW4YQGZG,Collaboration and automation,True,2025-12-02T12:16:00Z
01KCXK1QCWXN78HDYGKR6YFQE7,01KCXK1QCVSWN7E4DJ9VNTADVV,01KCXGG0XA0001H0Q1FW4YWC88,Network communication,True,2025-12-02T12:16:00Z
01KCXK1QCWZ9RJV33VVRW7EM2F,01KCXK1QCWJN9JZHNJ76WGCXDF,01KCXGG0XA0001H0Q1FW4Z19FG,Control network traffic,True,2025-12-02T12:16:00Z
01KCXK1QCX7STZDM1C2X82G69E,01KCXK1QCWRPT2D15HWM647EJE,01KCXGG0XA0001H0Q1FW4ZA3PR,Deployment speed and reliability,True,2025-12-02T12:16:00Z
01KCXK1QCXT1M29CJ1BABNCDPE,01KCXK1QCXGNF7VWKRGT5G9NAE,01KCXGG0XA0001H0Q1FW4ZFGJ0,Isolating applications,True,2025-12-02T12:16:00Z
01KCXK1QCY23F0Z6BJ1HS6YAGE,01KCXK1QCXR43EPDR7XVGZ9Q2B,01KCXGG0XB0001H0Q1FW4ZP2GR,On-demand scalable resources,True,2025-12-02T12:16:00Z
01KCXK1QCZM2T7Z2F4T3671NFJ,01KCXK1QCY8PAY8DCQAYD584NT,01KCXGG0XB0001H0Q1FW4ZYA68,Email filtering,False,2025-12-02T12:16:00Z
01KCXK1QCZ3CMDD658KJ715D96,01KCXK1QCZ38Z1AAGAZ1CS86PX,01KCXGG0XB0001H0Q1FW500S9G,Network traffic,True,2025-12-02T12:16:00Z
01KCXK1QD0MYSXV7W758CH0BB4,01KCXK1QCZDFEMN5QGWXKYQ3J3,01KCXGG0XB0001H0Q1FW509SC8,Documentation only,False,2025-12-02T12:16:00Z
01KCXK1QD437MM3VMAG6GKH58N,01KCXK1QD3XS7VP9BGDZ3WZ31E,01KCXGG0XB0001H0Q1FW50C8FG,Network communication,True,2025-12-02T14:57:00Z
01KCXK1QD5SFWS34N6K6W4VHRW,01KCXK1QD57HCZ3NCBFCYB8KTD,01KCXGG0XC0001H0Q1FW50HCHG,Control network traffic,True,2025-12-02T14:57:00Z
01KCXK1QD6YX0C3MEZZD44K2NJ,01KCXK1QD5T1A98MYEGS49DMMR,01KCXGG0XC0001H0Q1FW50P8SG,Deployment speed and reliability,True,2025-12-02T14:57:00Z
01KCXK1QD6NHP4BJQAKJT6ZBHD,01KCXK1QD69NTZ38H4AYJWM4EN,01KCXGG0XC0001H0Q1FW50V700,Isolating applications,True,2025-12-02T14:57:00Z
01KCXK1QD7385SM1J50FH4P4F2,01KCXK1QD6Z25TS6YJFAW8BYJZ,01KCXGG0XC0001H0Q1FW510380,On-demand scalable resources,True,2025-12-02T14:57:00Z
01KCXK1QD7G2M6P4PDA19TDKCQ,01KCXK1QD7MT7M8KAMDKDBHDD9,01KCXGG0XC0001H0Q1FW5155BG,Secure remote access,True,2025-12-02T14:57:00Z
01KCXK1QD8SC7BPY4KDP4VDNSD,01KCXK1QD7G0785G7P0NWNA9MA,01KCXGG0XC0001H0Q1FW51AACR,Network traffic,True,2025-12-02T14:57:00Z
01KCXK1QD8RVCYPQDRCZ9HCHW5,01KCXK1QD8J0ZK8NVB7TT40QMV,01KCXGG0XD0001H0Q1FW51F7M0,Collaboration and automation,True,2025-12-02T14:57:00Z
01KCXK1QD9EBN4SHZBN926GYF2,01KCXK1QD8VC4ZXN88CHXEYWG0,01KCXGG0XD0001H0Q1FW51MFK0,Network communication,True,2025-12-02T14:57:00Z
01KCXK1QD9H4C96A4N514S684V,01KCXK1QD9J63XMM4NB872W96W,01KCXGG0XD0001H0Q1FW51SCT8,Control network traffic,True,2025-12-02T14:57:00Z
01KCXK1QDAB7NDTEZBDH3K81AD,01KCXK1QD9MNW0VYZW31MVWYNM,01KCXGG0XD0001H0Q1FW51Y928,Deployment speed and reliability,True,2025-12-02T14:57:00Z
01KCXK1QDB98MVCBDSKYYEWYDG,01KCXK1QDAYRBYFGSMZQC8AXSF,01KCXGG0XD0001H0Q1FW525X6R,Removing OS dependency,False,2025-12-02T14:57:00Z
01KCXK1QDB3H11KJHPJ2QCE6ZR,01KCXK1QDBTNKJWYBR1GVF1G5G,01KCXGG0XD0001H0Q1FW528D98,On-demand scalable resources,True,2025-12-02T14:57:00Z
01KCXK1QDC1ZYPNFVXKC5J6AWJ,01KCXK1QDBDW3Y8E0NWRX9CN8W,01KCXGG0XE0001H0Q1FW52DAGG,Secure remote access,True,2025-12-02T14:57:00Z
01KCXK1QDCEJFSB0PBE9MVSAQS,01KCXK1QDCJK71PEX949KA02S6,01KCXGG0XE0001H0Q1FW52JSA8,Network traffic,True,2025-12-02T14:57:00Z
01KCXK1QDDPERD9B56ZTTEXPNR,01KCXK1QDCFQJNZVF7EFTRJ5PY,01KCXGG0XE0001H0Q1FW52RB1R,Collaboration and automation,True,2025-12-02T14:57:00Z
01KCXK1QDDGDY9RA6T1VKT192R,01KCXK1QDD5KTC0RT7EVW3B2WX,01KCXGG0XE0001H0Q1FW52ZV98,Network communication,True,2025-12-02T14:57:00Z
01KCXK1QDD42DTCX7D4FW7V44K,01KCXK1QDD7YCR8YT95XPG0796,01KCXGG0XE0001H0Q1FW534TF0,Control network traffic,True,2025-12-02T14:57:00Z
01KCXK1QDEAV1A3BKGZJMB38WV,01KCXK1QDDJ3W1ZAEAE7GHJDFH,01KCXGG0XE0001H0Q1FW539QP8,Deployment speed and reliability,True,2025-12-02T14:57:00Z
01KCXK1QDE9VGC4HTN084X7QTC,01KCXK1QDE0E457C7NPZ8HKB44,01KCXGG0XF0001H0Q1FW53EKY8,Isolating applications,True,2025-12-02T14:57:00Z
01KCXK1QDFMQ7NBEN482WM17V0,01KCXK1QDE2RH4XT81NE704C6F,01KCXGG0XF0001H0Q1FW53KR08,On-demand scalable resources,True,2025-12-02T14:57:00Z
01KCXK1QDFH0WKE23G6Z7NKTXY,01KCXK1QDFYVNF00A9D7R58GTV,01KCXGG0XF0001H0Q1FW53RP6R,Secure remote access,True,2025-12-02T14:57:00Z
01KCXK1QDGCV143EGKTG6RH8QW,01KCXK1QDFFMWTHQRZS12TQWH7,01KCXGG0XF0001H0Q1FW53XV80,Network traffic,True,2025-12-02T14:57:00Z
01KCXK1QDGG5GHF6GCE67W5WE6,01KCXK1QDGZBERQ0050BX7YFX0,01KCXGG0XF0001H0Q1FW542WC8,Collaboration and automation,True,2025-12-02T14:57:00Z
01KCXK1QDH3M6RH721HH54JHRN,01KCXK1QDGM2542M04VBV4BRZF,01KCXGG0XF0001H0Q1FW547XGG,Network communication,True,2025-12-02T14:57:00Z
01KCXK1QDH53XC7ZVVW8X5M0D3,01KCXK1QDH70AP595TW2JX7HJQ,01KCXGG0XG0001H0Q1FW54CYMR,Control network traffic,True,2025-12-02T14:57:00Z
01KCXK1QDKRQTXBSVQ6RQQ4G2B,01KCXK1QDHM0N2NNYA21110VK8,01KCXGG0XG0001H0Q1FW54GRQ0,Manual testing,False,2025-12-02T14:57:00Z
01KCXK1QDKFHGK4YE16QZFA4Y1,01KCXK1QDKHTMENZG1RT9336AM,01KCXGG0XG0001H0Q1FW54PX08,Isolating applications,True,2025-12-02T14:57:00Z
01KCXK1QDMSXGR6VS5BPNVRVA4,01KCXK1QDK29WV30DHXGGF012D,01KCXGG0XG0001H0Q1FW54VS88,On-demand scalable resources,True,2025-12-02T14:57:00Z
01KCXK1QDNZV1S2ARRHGAT7RW5,01KCXK1QDME7K1TDW451WXY61K,01KCXGG0XG0001H0Q1FW550MH0,Secure remote access,True,2025-12-02T14:57:00Z
01KCXK1QDPF66AJB50YV1QEMJJ,01KCXK1QDNP3R6Y6SE0F9H00R0,01KCXGG0XG0001H0Q1FW5571KG,Source code,False,2025-12-02T14:57:00Z
01KCXK1QDP5X48FQK8V7DESZQB,01KCXK1QDPYG3HBH6847P465ZF,01KCXGG0XH0001H0Q1FW55B6DG,Collaboration and automation,True,2025-12-02T14:57:00Z
01KCXK1QDRXDQXNV4CCBWRF673,01KCXK1QDQ0G3SJFERB1ZR271R,01KCXGG0XH0001H0Q1FW55ETM8,All employees are trained,False,2025-12-02T16:17:00Z
01KCXK1QDSAXG0D3N8G6VE6YRN,01KCXK1QDRNJXXZH0KQX4GXQQX,01KCXGG0XH0001H0Q1FW55KVRG,45,False,2025-12-02T16:17:00Z
01KCXK1QDT3FMB57H4S5WHX110,01KCXK1QDS1M4WS2FKZSKBWSZW,01KCXGG0XH0001H0Q1FW55VC00,Government website,False,2025-12-02T16:17:00Z
01KCXK1QDV4T1KAGVG3J0PJXB9,01KCXK1QDTCQ5C5G3RZ78ARY0M,01KCXGG0XH0001H0Q1FW55Z71G,Personal name,False,2025-12-02T16:17:00Z
01KCXK1QDWG2E4VGSANX418TW3,01KCXK1QDVJ8W1E4XBD35G2Q88,01KCXGG0XH0001H0Q1FW5658D0,Programming only,False,2025-12-02T16:17:00Z
01KCXK1QDX0P6VXE7H9H9WC4XE,01KCXK1QDWQ6NJ6A37WVWZ7FVS,01KCXGG0XJ0001H0Q1FW567PH0,Improve security,False,2025-12-02T16:17:00Z
01KCXK1QDYMC9C5AE26JRH7PK5,01KCXK1QDXMVT4QJYTJ3MM8CHP,01KCXGG0XJ0001H0Q1FW56GBW0,Both,False,2025-12-02T16:17:00Z
01KCXK1QE00NEECRJ4JB93D5PY,01KCXK1QDZVX5KTH6W1AGGTJ5E,01KCXGG0XJ0001H0Q1FW56HSRR,Using two passwords,False,2025-12-02T16:17:00Z
01KCXK1QE1E3163TGDH96227TT,01KCXK1QE01JGPT96VG983J02Y,01KCXGG0XJ0001H0Q1FW56PQ00,All employees are trained,False,2025-12-02T16:17:00Z
01KCXK1QE231Z2BFHG89GAF8BH,01KCXK1QE14KD4PATC3GTBVKW5,01KCXGG0XJ0001H0Q1FW56XWFR,60,False,2025-12-02T16:17:00Z
01KCXK1QE3WY55V14NHBF601AD,01KCXK1QE241V4FBZVGMBARVYA,01KCXGG0XJ0001H0Q1FW571MKG,Public access,False,2025-12-02T16:17:00Z
01KCXK1QE40CA4R28S02WG2FN7,01KCXK1QE320AXNS844E4XYXHM,01KCXGG0XK0001H0Q1FW5782N8,Personal name,False,2025-12-02T16:17:00Z
01KCXK1QE59PYWWJG5JTWN6B5H,01KCXK1QE4PV82PNVZ1FAFVXMP,01KCXGG0XK0001H0Q1FW57FB2R,Gaming skills,False,2025-12-02T16:17:00Z
01KCXK1QE67JGMVQDRV2N3K82R,01KCXK1QE56J82CKQBNRY839CZ,01KCXGG0XK0001H0Q1FW57K648,Speed up systems,False,2025-12-02T16:17:00Z
01KCXK1QE7S5CW004CJ7M029RF,01KCXK1QE69AC8TBW9GV96TDKK,01KCXGG0XK0001H0Q1FW57PVA8,False,False,2025-12-02T16:17:00Z
01KCXK1QE8BT6HX5C0AC70RJJJ,01KCXK1QE72143MHAWDXW0SG89,01KCXGG0XK0001H0Q1FW57WWNR,Encrypting files twice,False,2025-12-02T16:17:00Z
01KCXK1QE8NCA30AEQG8CDW5M7,01KCXK1QE80YEN2WS5D0F1EX84,01KCXGG0XK0001H0Q1FW581PZ8,No employees are trained,False,2025-12-02T16:17:00Z
01KCXK1QEA52A97B9VFSWMR8BE,01KCXK1QE96H8G4FYJPEVYVPD0,01KCXGG0XM0001H0Q1FW587SA0,100,False,2025-12-02T16:17:00Z
01KCXK1QEAMN9KFAJG7XZ8PAKE,01KCXK1QEA5E22YWKMN5R0JZQP,01KCXGG0XM0001H0Q1FW58CVDG,Faster speed,False,2025-12-02T16:17:00Z
01KCXK1QEBMDV8Y4THS25DVSTE,01KCXK1QEBAWMGG0DMDR2XXWM3,01KCXGG0XM0001H0Q1FW58E1G8,Only letters,False,2025-12-02T16:17:00Z
01KCXK1QEDEN6S70X7JTEWMHHN,01KCXK1QEBSV6HFZJQBR4RKQND,01KCXGG0XM0001H0Q1FW58PMWR,Gaming skills,False,2025-12-02T16:17:00Z
01KCXK1QEE76MCFTYGH8B1G2TD,01KCXK1QEDJY6NYX9Q4BR1KXZA,01KCXGG0XM0001H0Q1FW58TB20,Speed up systems,False,2025-12-02T16:17:00Z
01KCXK1QEFKZ3XVPBX29DZQ4NP,01KCXK1QEEFDAY1QTBREAY45BW,01KCXGG0XN0001H0Q1FW591X80,Both,False,2025-12-02T16:17:00Z
01KCXK1QEGTYDVBAGP45NJK4S0,01KCXK1QEF6HNFCSJCDS4HP2YW,01KCXGG0XN0001H0Q1FW595W6G,Encrypting files twice,False,2025-12-02T16:17:00Z
01KCXK1QEH9CCW9GJXEW3X3CQ8,01KCXK1QEGK33RTX3BW9Q8QS0G,01KCXGG0XN0001H0Q1FW598F6R,All employees are trained,False,2025-12-02T16:17:00Z
01KCXK1QEJGJXDD4B7XXYHTFRV,01KCXK1QEHXGW87H8HGR7T54PQ,01KCXGG0XN0001H0Q1FW59EQD0,60,False,2025-12-02T16:17:00Z
01KCXK1QEM9S70FRM3PZEJS3HP,01KCXK1QEJVQETWRE2AAFTAC0A,01KCXGG0XN0001H0Q1FW59JBKR,Public access,False,2025-12-02T16:17:00Z
01KCXK1QEP3QT82KKYKDRQB2NN,01KCXK1QEMXX1D855EHJPYDVAT,01KCXGG0XN0001H0Q1FW59Q6WG,Only letters,False,2025-12-02T16:17:00Z
01KCXK1QEQ9FH7AVW04SG4GYT1,01KCXK1QEPH5N9EX1DW78R84PD,01KCXGG0XP0001H0Q1FW59ZW7G,Gaming skills,False,2025-12-02T16:17:00Z
01KCXK1QES4VCZHHY6FWNR7HJN,01KCXK1QEQ0P573RSPQMYV7JW7,01KCXGG0XP0001H0Q1FW5A3GE8,Speed up systems,False,2025-12-02T16:17:00Z
01KCXK1QETTVG5JW6WX8XF2RP3,01KCXK1QES183ZWRA14ZS5CTV6,01KCXGG0XP0001H0Q1FW5A9JS0,Both,False,2025-12-02T16:17:00Z
01KCXK1QEVRMCHWT446BCPT60T,01KCXK1QET9405BY53PXSRRDX7,01KCXGG0XP0001H0Q1FW5AARVR,Using two passwords,False,2025-12-02T16:17:00Z
01KCXK1QF58JWMTZTC070K4GQG,01KCXK1QEV8NQ6ZN6ZNFR3ZGG9,01KCXGG0XP0001H0Q1FW5AFM4G,All employees are trained,False,2025-12-02T16:43:00Z
01KCXK1QF6ERKE980F8EZ4P8NG,01KCXK1QF5BZYKQ4Q13NZXQFPV,01KCXGG0XP0001H0Q1FW5ANPF8,60,False,2025-12-02T16:43:00Z
01KCXK1QF7ZWYJT49QAA6H6ZTS,01KCXK1QF6CDEB84W80XKWP8TJ,01KCXGG0XP0001H0Q1FW5AX5QG,Faster speed,False,2025-12-02T16:43:00Z
01KCXK1QF8H6NHZ2ZFKT0XWJEW,01KCXK1QF7A770H28M4RR011X0,01KCXGG0XQ0001H0Q1FW5B2RE8,Birthdate,False,2025-12-02T16:43:00Z
01KCXK1QF99KH9YZ5E4R1N6AKB,01KCXK1QF8ZJB8VR6MN6JB7ZX3,01KCXGG0XQ0001H0Q1FW5B3ZG8,Typing speed,False,2025-12-02T16:43:00Z
01KCXK1QFATM1AA5X6WPBPVTSS,01KCXK1QF9WTJBPNDPK1QV44B2,01KCXGG0XQ0001H0Q1FW5BD5EG,Encrypt data,False,2025-12-02T16:43:00Z
01KCXK1QFBV3JK9GPE8XZAJM37,01KCXK1QFA90XW5RK0FS6475F5,01KCXGG0XQ0001H0Q1FW5BJ1PG,Both,False,2025-12-02T16:43:00Z
01KCXK1QFC791ZVCZW61FA8DWQ,01KCXK1QFB27MT3R2A0990E2FX,01KCXGG0XQ0001H0Q1FW5BNZNR,Encrypting files twice,False,2025-12-02T16:43:00Z
01KCXK1QFCWVQWQRFGZN6SQE4W,01KCXK1QFCS7MKB05956RR9ZJT,01KCXGG0XQ0001H0Q1FW5BRDSR,All employees are trained,False,2025-12-02T16:43:00Z
01KCXK1QFDH3D0K58S6X7S0037,01KCXK1QFDT1MTMSPMH9JXKDNG,01KCXGG0XR0001H0Q1FW5C0GK0,60,False,2025-12-02T16:43:00Z
01KCXK1QFEN929ZNQZY2K7RRSR,01KCXK1QFDYP0T96T6KY7QV1QK,01KCXGG0XR0001H0Q1FW5C8PA0,Government website,False,2025-12-02T16:43:00Z
01KCXK1QFFRM8X8AE9P7NSC35S,01KCXK1QFEH66K6K8WVHSVP3KG,01KCXGG0XR0001H0Q1FW5CBB8R,Only letters,False,2025-12-02T16:43:00Z
01KCXK1QFGK6XCPBAR0SYAK3VF,01KCXK1QFFMHW4QZV4DA80HHN5,01KCXGG0XR0001H0Q1FW5CME98,Programming only,False,2025-12-02T16:43:00Z
01KCXK1QFJZJ3FW1SJJSQK9YM5,01KCXK1QFGT6SJD6BABA5WKASJ,01KCXGG0XR0001H0Q1FW5CPWD8,Improve security,False,2025-12-02T16:43:00Z
01KCXK1QFJ45DZEC04ENFJJ9AM,01KCXK1QFJJDJQ166G51SYSWKR,01KCXGG0XS0001H0Q1FW5CZDV8,Both,False,2025-12-02T16:43:00Z
01KCXK1QFKMZKMPV6H1339RJNW,01KCXK1QFKFWFSYDN2PJS7MNGW,01KCXGG0XS0001H0Q1FW5D65NG,Logging twice,False,2025-12-02T16:43:00Z
01KCXK1QFM71FDJBY68WVGYVHH,01KCXK1QFKKMQDK14V0GF3GMS5,01KCXGG0XS0001H0Q1FW5D7SDR,All employees are trained,False,2025-12-02T16:43:00Z
01KCXK1QFNX5CKSJPY4HS4E2P8,01KCXK1QFM57VTB6P72YPSK34D,01KCXGG0XS0001H0Q1FW5DGWE8,100,False,2025-12-02T16:43:00Z
01KCXK1QFP82WJNCHDJ9Z8AD6Y,01KCXK1QFNKEDP4K5WST77C200,01KCXGG0XS0001H0Q1FW5DJ4FG,Public access,False,2025-12-02T16:43:00Z
01KCXK1QFQA4PR43XXBXJGCMSK,01KCXK1QFPTM5MNNKBA2CX3EJ1,01KCXGG0XS0001H0Q1FW5DRMFR,Personal name,False,2025-12-02T16:43:00Z
01KCXK1QFRXDYD26696M740TX0,01KCXK1QFQAYHQTBXNHR3XRY28,01KCXGG0XT0001H0Q1FW5DYWP0,Programming only,False,2025-12-02T16:43:00Z
01KCXK1QFS84MNKRCP8YCNRQVE,01KCXK1QFRSRAEZA3XJR34K5NE,01KCXGG0XT0001H0Q1FW5E4EDG,Speed up systems,False,2025-12-02T16:43:00Z
01KCXK1QFV2BJ5HP08MHRK8S2W,01KCXK1QFSAKCXJXJWZAZBVJ0X,01KCXGG0XT0001H0Q1FW5EC6F0,Both,False,2025-12-02T16:43:00Z
01KCXK1QFW84Y1VED1BJZYPZQH,01KCXK1QFVD9F15JKZVZWZKYZJ,01KCXGG0XT0001H0Q1FW5ENYZ0,Logging twice,False,2025-12-02T16:43:00Z
01KCXK1QFXWEGGYNCK5KP0BN83,01KCXK1QFWPDDKFQYSGK5GAXV8,01KCXGG0XT0001H0Q1FW5EQ8YR,All employees are trained,False,2025-12-02T16:43:00Z
01KCXK1QFY145KH40H8K9VMP5K,01KCXK1QFXTQAYSPPP48X0JFCN,01KCXGG0XV0001H0Q1FW5EWPS8,45,False,2025-12-02T16:43:00Z
01KCXK1QFZDTN4N9P5WK415770,01KCXK1QFY9M6KRV0VWE76EGS7,01KCXGG0XV0001H0Q1FW5FF9GG,Faster speed,False,2025-12-02T16:43:00Z
01KCXK1QG0P2Y2HF16Z5EZMVW2,01KCXK1QFZR0TGH78P30F2R4QP,01KCXGG0XV0001H0Q1FW5FMDJG,Birthdate,False,2025-12-02T16:43:00Z
01KCXK1QG1PCQ1KBHBWAY5NGJR,01KCXK1QG0AW7APP37P83AMC3K,01KCXGG0XW0001H0Q1FW5FSJKR,Gaming skills,False,2025-12-02T16:43:00Z
01KCXK1QG2V4EJ4A5EEWXEA2FV,01KCXK1QG1M1ET55M6Z4X23ESM,01KCXGG0XW0001H0Q1FW5FTSNR,Improve security,False,2025-12-02T16:43:00Z
01KCXK1QG3K56Y5XZTXP9G5G8N,01KCXK1QG2QW7Z1YSYQDDNRYFJ,01KCXGG0XW0001H0Q1FW5G3E1G,Both,False,2025-12-02T16:43:00Z
01KCXK1QG364B3RN4MY8AKZWXQ,01KCXK1QG3FNWESV2NS5Z7CHCX,01KCXGG0XW0001H0Q1FW5G4N3G,Using two passwords,False,2025-12-02T16:43:00Z
01KCXK1QG4VQ2EYFW2K2WDWR1K,01KCXK1QG4J040RCVXYFH3QJK0,01KCXGG0X00001H0Q1FW4NSWBG,Transparency,True,2025-12-02T18:52:00Z
01KCXK1QG5Z6E2B9ATPP5WBXKD,01KCXK1QG4FP1T63XET0W04KNV,01KCXGG0X00001H0Q1FW4NYQM8,Public revenue and expenditure,True,2025-12-02T18:52:00Z
01KCXK1QG68WTQE9MRGKKFF81V,01KCXK1QG51TER3PNZRM9TMQZ8,01KCXGG0X10001H0Q1FW4P6208,Hire staff,False,2025-12-02T18:52:00Z
01KCXK1QG62PGJC7V3TMSYTNAZ,01KCXK1QG6GR369SNGR841V42T,01KCXGG0X10001H0Q1FW4P8F50,Personal interest influences official duty,True,2025-12-02T18:52:00Z
01KCXK1QG7892904FP0YYD7FX8,01KCXK1QG64EY45SZ8XXX20WZ1,01KCXGG0X10001H0Q1FW4PF8XR,No reporting needed,False,2025-12-02T18:52:00Z
01KCXK1QG8BAR4ZQGVCJEHKEKB,01KCXK1QG7776SEK217P75G4T5,01KCXGG0X10001H0Q1FW4PP0R0,Transfer all risk,False,2025-12-02T18:52:00Z
01KCXK1QG86SKKXFD9XPXA1622,01KCXK1QG851XMECTHN5KCFMPV,01KCXGG0X10001H0Q1FW4PRMQG,Measure performance,True,2025-12-02T18:52:00Z
01KCXK1QG92MXQKRM2JWCC5NT9,01KCXK1QG8GYKS7SDPM285003P,01KCXGG0X20001H0Q1FW4PY1JR,Autocratic,True,2025-12-02T18:52:00Z
01KCXK1QG9TC4984HDN9X8TRB1,01KCXK1QG9GVQHJKNNWZQ5Y64G,01KCXGG0X20001H0Q1FW4Q2WVG,Transparency,True,2025-12-02T18:52:00Z
01KCXK1QG9R9X2RWB3RSEWVR6J,01KCXK1QG9DCH02VGD2S4KNCY6,01KCXGG0X20001H0Q1FW4Q85SR,Public revenue and expenditure,True,2025-12-02T18:52:00Z
01KCXK1QGAAVXJXYR7TEMJ8F6Q,01KCXK1QG9F13AGV080XQXEGTW,01KCXGG0X20001H0Q1FW4QENT0,Close project,False,2025-12-02T18:52:00Z
01KCXK1QGBVTRX0M72RAFVZ6H0,01KCXK1QGAKEE8DPTMVYQ686E0,01KCXGG0X20001H0Q1FW4QJA0R,Personal interest influences official duty,True,2025-12-02T18:52:00Z
01KCXK1QGBRC9GFDB19HY1GZSF,01KCXK1QGBMA11YGFW1E0TW9YG,01KCXGG0X20001H0Q1FW4QPBX0,Officials answer to citizens,True,2025-12-02T18:52:00Z
01KCXK1QGBFY7GRBBH4Z0W7N2P,01KCXK1QGBBRCFPRMZJHHJ85QP,01KCXGG0X30001H0Q1FW4QWJ4R,Identify and mitigate risks,True,2025-12-02T18:52:00Z
01KCXK1QGCN7ZDT1WTC83TAJ0J,01KCXK1QGBCFJDTZP0P8XHNQ8C,01KCXGG0X30001H0Q1FW4R4698,Reduce transparency,False,2025-12-02T18:52:00Z
01KCXK1QGDM3VCP2DT9NFRM3VH,01KCXK1QGC22329FJ4BM5MC5BM,01KCXGG0X30001H0Q1FW4R6RA8,Autocratic,True,2025-12-02T18:52:00Z
01KCXK1QGD58BZN5EPV9AW0GA7,01KCXK1QGD2H924DZ0W8WPVXP6,01KCXGG0X30001H0Q1FW4RBZA0,Transparency,True,2025-12-02T18:52:00Z
01KCXK1QGE9GQGFQXHCTJ9GKY9,01KCXK1QGD4NJ396832100CVQK,01KCXGG0X30001H0Q1FW4RFTBG,Private income,False,2025-12-02T18:52:00Z
01KCXK1QGEEDAG7W46SZYC57EK,01KCXK1QGE4CMNHMMFZ928VMY7,01KCXGG0X30001H0Q1FW4RPQ20,Define objectives and authority,True,2025-12-02T18:52:00Z
01KCXK1QGFGZF1BZAFM3XQT0VC,01KCXK1QGE1VKS2C64CVVB82K1,01KCXGG0X40001H0Q1FW4RVV40,Personal interest influences official duty,True,2025-12-02T18:52:00Z
01KCXK1QGFHKQC81X2QZR9FKGW,01KCXK1QGFZHM828ZYE9SC6TSP,01KCXGG0X40001H0Q1FW4RZFAR,Officials answer to citizens,True,2025-12-02T18:52:00Z
01KCXK1QGG5P3RJY116P0MQCPH,01KCXK1QGFJ39BP1R6MWSMBKK8,01KCXGG0X40001H0Q1FW4S5QH0,Identify and mitigate risks,True,2025-12-02T18:52:00Z
01KCXK1QGG9D4RH4RJ5JBSY71E,01KCXK1QGG46DCXRQF8Y6DSMBG,01KCXGG0X40001H0Q1FW4SATKR,Measure performance,True,2025-12-02T18:52:00Z
01KCXK1QGHQYYG3XVXMQN2P611,01KCXK1QGGYDK7YVVT7KYEM7X6,01KCXGG0X40001H0Q1FW4SFNWG,Autocratic,True,2025-12-02T18:52:00Z
01KCXK1QGH60J5KB6D7EH7JFZF,01KCXK1QGHHJ6TMWSH9P0FX5NN,01KCXGG0X40001H0Q1FW4SMH58,Transparency,True,2025-12-02T18:52:00Z
01KCXK1QGJQQETB4CCBN4D3E8T,01KCXK1QGHW9ZNMQ6FMBTEQQPS,01KCXGG0X50001H0Q1FW4SSGB0,Public revenue and expenditure,True,2025-12-02T18:52:00Z
01KCXK1QGJ3HRHA2B5FSH21WSB,01KCXK1QGJR3Z8G9E4265QTDNA,01KCXGG0X50001H0Q1FW4SYCK0,Define objectives and authority,True,2025-12-02T18:52:00Z
01KCXK1QGJTRFCD2RWFXA8D9ES,01KCXK1QGJCC1WBB5T1WKB1YNR,01KCXGG0X50001H0Q1FW4T3HM8,Personal interest influences official duty,True,2025-12-02T18:52:00Z
01KCXK1QGKEMMR9AFS1ES8EKJN,01KCXK1QGJ4ZF4N4XT0Z85RXRC,01KCXGG0X50001H0Q1FW4T7HJ0,Officials answer to citizens,True,2025-12-02T18:52:00Z
01KCXK1QGK904QKRS64B9B6ZEP,01KCXK1QGKSS06EX11YHXB7XXV,01KCXGG0X50001H0Q1FW4TDJXG,Identify and mitigate risks,True,2025-12-02T18:52:00Z
01KCXK1QGKS8775DJGWANX5MX6,01KCXK1QGKKQSGGY9BQ3XJQJS6,01KCXGG0X50001H0Q1FW4TJF5G,Measure performance,True,2025-12-02T18:52:00Z
01KCXK1QGM9P8XRN3KXVM29JS9,01KCXK1QGMEST90CSM3BJ21MT8,01KCXGG0X50001H0Q1FW4TQFAG,Autocratic,True,2025-12-02T18:52:00Z
