testId,id,question,domain,explanation,score,createdAt,status
01KCXGG0SP0001H0Q1FW1GGERR,01KCXGG0SP0001H0Q1FW1GGQJ0,The final design proposal ______ to the client by next Tuesday.,Language & Communication,Future passive form 'will be sent' is required.,1,2025-12-08T00:00:00Z,active
01KCXGG0SP0001H0Q1FW1GGERR,01KCXGG0SP0001H0Q1FW1GK6N8,The new regulations will take effect ______ the beginning of next quarter.,Language & Communication,Correct preposition is 'at the beginning'.,1,2025-12-08T00:00:00Z,active
01KCXGG0SP0001H0Q1FW1GGERR,01KCXGG0SP0001H0Q1FW1GNA1G,The marketing team launched a campaign that proved highly ______ among younger customers.,Language & Communication,'Highly effective' is the correct collocation.,1,2025-12-08T00:00:00Z,active
01KCXGG0SP0001H0Q1FW1GGERR,01KCXGG0SP0001H0Q1FW1GQ9GR,"Sales increased by 15% this year; ______, customer satisfaction ratings also improved.",Language & Communication,'Therefore' expresses logical result.,1,2025-12-08T00:00:00Z,active
01KCXGG0SP0001H0Q1FW1GGERR,01KCXGG0SP0001H0Q1FW1GS71G,Documents ______ after the deadline will not be accepted.,Language & Communication,Past participle 'submitted' is required.,1,2025-12-08T00:00:00Z,active
01KCXGG0SP0001H0Q1FW1GGERR,01KCXGG0SP0001H0Q1FW1GV4J8,Our company has received valuable ______ from the consulting firm.,Language & Communication,'Information' is uncountable.,1,2025-12-08T00:00:00Z,active
01KCXGG0SP0001H0Q1FW1GGERR,01KCXGG0SQ0001H0Q1FW1GX13R,The director ______ the new policy during tomorrow’s briefing.,Language & Communication,Future action → 'will explain'.,1,2025-12-08T00:00:00Z,active
01KCXGG0SP0001H0Q1FW1GGERR,01KCXGG0SQ0001H0Q1FW1GZTYR,We apologize for the inconvenience and appreciate your ______ as we resolve the issue.,Language & Communication,Correct noun is 'patience'.,1,2025-12-08T00:00:00Z,active
01KCXGG0SP0001H0Q1FW1GGERR,01KCXGG0SQ0001H0Q1FW1H1SER,"If the supplier ______ the goods today, we can begin testing immediately.",Language & Communication,First conditional uses present simple.,1,2025-12-08T00:00:00Z,active
01KCXGG0SP0001H0Q1FW1GGERR,01KCXGG0SQ0001H0Q1FW1H797R,All security badges must ______ by the operations department before processing.,Language & Communication,Passive form: 'be verified'.,1,2025-12-08T00:00:00Z,active
01KCXGG0SP0001H0Q1FW1GGERR,01KCXGG0SQ0001H0Q1FW1HBD2G,Mr. Rao will lead ______ initiative to reduce expenses in the logistics division.,Language & Communication,'A initiative' is incorrect; 'an initiative' is not used; correct is 'a presentation' case. In this context: 'an initiative'? Actually correct: 'an initiative'.,1,2025-12-08T00:00:00Z,active
01KCXGG0SP0001H0Q1FW1GGERR,01KCXGG0SQ0001H0Q1FW1HE7WR,The employee ______ received the award has worked here for more than ten years.,Language & Communication,'Who' introduces a subject relative clause.,1,2025-12-08T00:00:00Z,active
01KCXGG0SP0001H0Q1FW1GGERR,01KCXGG0SQ0001H0Q1FW1HGM28,Please ______ the form before the interview so we can update your file.,Language & Communication,Correct phrasal verb is 'fill out'.,1,2025-12-08T00:00:00Z,active
01KCXGG0SP0001H0Q1FW1GGERR,01KCXGG0SQ0001H0Q1FW1HK07R,The accounting report contains several errors that need to be ______ immediately.,Language & Communication,Base verb 'corrected' is required.,1,2025-12-08T00:00:00Z,active
01KCXGG0SP0001H0Q1FW1GGERR,01KCXGG0SQ0001H0Q1FW1HMYQR,"The manager spoke very ______ during the presentation, making her points easy to understand.",Language & Communication,Adverb 'clearly' is required.,1,2025-12-08T00:00:00Z,active
01KCXGG0SP0001H0Q1FW1GGERR,01KCXGG0SQ0001H0Q1FW1HPV98,The event was postponed ______ unforeseen circumstances.,Language & Communication,Correct phrase: 'due to'.,1,2025-12-08T00:00:00Z,active
01KCXGG0SP0001H0Q1FW1GGERR,01KCXGG0SR0001H0Q1FW1HWC1G,The company is seeking ways to reduce waste and improve operational ______.,Language & Communication,Correct noun: 'efficiency'.,1,2025-12-08T00:00:00Z,active
01KCXGG0SP0001H0Q1FW1GGERR,01KCXGG0SR0001H0Q1FW1HYAHG,Please make ______ changes necessary before the document is finalized.,Language & Communication,Definite article 'the' is required.,1,2025-12-08T00:00:00Z,active
01KCXGG0SP0001H0Q1FW1GGERR,01KCXGG0SR0001H0Q1FW1J0TM0,Employees ______ submit travel receipts within seven days of returning.,Language & Communication,'Must' expresses obligation.,1,2025-12-08T00:00:00Z,active
01KCXGG0SP0001H0Q1FW1GGERR,01KCXGG0SR0001H0Q1FW1J2Q5G,"The new software is more intuitive; ______, some employees still prefer the old version.",Language & Communication,Contrast → 'however'.,1,2025-12-08T00:00:00Z,active
01KCXGG0SS0001H0Q1FW1K4S0G,01KCXGG0SS0001H0Q1FW1K50TG,"In Python, what is the value of sum([i for i in range(5) if i % 2 == 0])?",Python,"range(5) gives 0,1,2,3,4. The even numbers are 0,2,4, and 0+2+4 = 6.",1,2025-12-08T00:00:00Z,active
01KCXGG0SS0001H0Q1FW1K4S0G,01KCXGG0SS0001H0Q1FW1K746R,"In Python, what is the value of len(set([1, 2, 2, 3, 3, 3]))?",Python,"set([1,2,2,3,3,3]) is {1,2,3}, which has length 3.",1,2025-12-08T00:00:00Z,active
01KCXGG0SS0001H0Q1FW1K4S0G,01KCXGG0SS0001H0Q1FW1K93P0,"Given s = 'abcdef' in Python, what is the value of s[1:5:2]?",Python,"Indices used are 1 and 3, so characters are 'b' and 'd', giving 'bd'.",1,2025-12-08T00:00:00Z,active
01KCXGG0SS0001H0Q1FW1K4S0G,01KCXGG0SS0001H0Q1FW1KAZ88,"In JavaScript, what does the following print? let a = 1; console.log(a++ + ++a);",Python,"a++ returns 1 then a becomes 2; ++a makes a 3, so 1 + 3 = 4.",1,2025-12-08T00:00:00Z,active
01KCXGG0SS0001H0Q1FW1K4S0G,01KCXGG0SS0001H0Q1FW1KCSV8,"In Python, with a = [1, 2] and b = [1, 2], what does print(a == b, a is b) output?",Python,"a and b have the same contents, so a == b is True, but they are different objects in memory so a is b is False.",1,2025-12-08T00:00:00Z,active
01KCXGG0SS0001H0Q1FW1K4S0G,01KCXGG0SS0001H0Q1FW1KEME8,Solve for x: 3x − 5 = 2x + 7.,Algebra,3x − 5 = 2x + 7 ⇒ 3x − 2x = 7 + 5 ⇒ x = 12.,1,2025-12-08T00:00:00Z,active
01KCXGG0SS0001H0Q1FW1K4S0G,01KCXGG0SS0001H0Q1FW1KH5G0,Which is the correct factorization of x² − 5x + 6?,Algebra,"The numbers -2 and -3 multiply to 6 and add to -5, so (x − 2)(x − 3).",1,2025-12-08T00:00:00Z,active
01KCXGG0SS0001H0Q1FW1K4S0G,01KCXGG0SS0001H0Q1FW1KJY4G,What is the domain of f(x) = √(x − 2)?,Algebra,"The expression under the square root must be ≥ 0, so x − 2 ≥ 0 ⇒ x ≥ 2.",1,2025-12-08T00:00:00Z,active
01KCXGG0SS0001H0Q1FW1K4S0G,01KCXGG0SS0001H0Q1FW1KMQR8,Solve for x: 2(x − 3) = 3(x + 1).,Algebra,2x − 6 = 3x + 3 ⇒ -6 − 3 = 3x − 2x ⇒ -9 = x.,1,2025-12-08T00:00:00Z,active
01KCXGG0SS0001H0Q1FW1K4S0G,01KCXGG0SS0001H0Q1FW1KPHC0,"Consider the sequence 2, 5, 8, 11, .... Which description is correct?",Algebra,"Each term increases by 3, so it is an arithmetic sequence with common difference 3.",1,2025-12-08T00:00:00Z,active
01KCXGG0SS0001H0Q1FW1K4S0G,01KCXGG0ST0001H0Q1FW1KR918,Which SQL query correctly returns the number of orders per customer?,Database,"We need to group by customer_id and count rows: SELECT customer_id, COUNT(*) AS order_count FROM orders GROUP BY customer_id;",1,2025-12-08T00:00:00Z,active
01KCXGG0SS0001H0Q1FW1K4S0G,01KCXGG0ST0001H0Q1FW1KT1NR,Which JOIN keeps all rows from the left table and matches rows from the right table when possible?,Database,"LEFT JOIN returns all rows from the left table and matching rows from the right table, with NULLs when there is no match.",1,2025-12-08T00:00:00Z,active
01KCXGG0SS0001H0Q1FW1K4S0G,01KCXGG0ST0001H0Q1FW1KVTA8,Which SQL WHERE clause correctly selects rows with order_date on or after 2025-01-01?,Database,The correct comparison is order_date >= '2025-01-01'.,1,2025-12-08T00:00:00Z,active
01KCXGG0SS0001H0Q1FW1K4S0G,01KCXGG0ST0001H0Q1FW1M04ZR,"In SQL, what is the main difference between COUNT(*) and COUNT(column_name)?",Database,"COUNT(*) counts all rows, while COUNT(column_name) counts only rows where that column is not NULL.",1,2025-12-08T00:00:00Z,active
01KCXGG0SS0001H0Q1FW1K4S0G,01KCXGG0ST0001H0Q1FW1M6TVG,Which SQL expression calculates a running total of amount ordered by order_date?,Database,SUM(amount) OVER (ORDER BY order_date) creates a cumulative sum in order of order_date.,1,2025-12-08T00:00:00Z,active
01KCXGG0SS0001H0Q1FW1K4S0G,01KCXGG0ST0001H0Q1FW1MCAMG,Which chart is most suitable for showing the frequency of values across intervals for a numeric variable?,Data Visualization,A histogram is designed to show the distribution of a numeric variable.,1,2025-12-08T00:00:00Z,active
01KCXGG0SS0001H0Q1FW1K4S0G,01KCXGG0ST0001H0Q1FW1MGY38,"In a box plot, which part represents the median of the data?",Data Visualization,The median is shown by the line inside the box.,1,2025-12-08T00:00:00Z,active
01KCXGG0SS0001H0Q1FW1K4S0G,01KCXGG0ST0001H0Q1FW1MK7B0,A scatter plot shows points roughly forming an upward-sloping line. What does this suggest?,Data Visualization,An upward-sloping pattern suggests a positive correlation between the two variables.,1,2025-12-08T00:00:00Z,active
01KCXGG0SS0001H0Q1FW1K4S0G,01KCXGG0ST0001H0Q1FW1MN0YR,Which chart type is generally NOT recommended when comparing many small categories?,Data Visualization,"Pie charts become hard to read when there are many small slices, so they are not recommended.",1,2025-12-08T00:00:00Z,active
01KCXGG0SS0001H0Q1FW1K4S0G,01KCXGG0SV0001H0Q1FW1MPTJG,"To make a chart more colorblind-friendly, which approach is best?",Data Visualization,Using high-contrast patterns or a colorblind-safe palette instead of relying only on red and green improves accessibility.,1,2025-12-08T00:00:00Z,active
01KCXGG0SW0001H0Q1FW1P83Q8,01KCXGG0SW0001H0Q1FW1P8DFR,"A city is deciding where to locate a new community health centre that focuses on low-income residents. The ethical guidelines say the centre should (1) be within walking distance of the largest low-income neighbourhood, (2) not be next to a commercial alcohol district, and (3) prioritize areas with few existing clinics. Three candidate locations are proposed: Site A: in the middle of the largest low-income area, next to a street with many bars, with no clinic nearby. Site B: 15 minutes by bus from the largest low-income area, far from alcohol outlets, with one small clinic nearby. Site C: at the edge of the largest low-income area, not near alcohol outlets, with no clinic nearby. Which choice best follows the guidelines?",Logic & Reasoning,"Site C is still walkable, not near alcohol outlets, and has no clinic nearby, so it satisfies all three guidelines better than the other options.",1,2025-12-08T00:00:00Z,active
01KCXGG0SW0001H0Q1FW1P83Q8,01KCXGG0SW0001H0Q1FW1PAJTG,"A city introduces a regulation requiring all construction companies to report dust-control measures before starting any demolition activity. A company claims it is fully compliant because it submits dust reports for ongoing projects every Friday. Which of the following, if true, most weakens the company’s claim?",Logic & Reasoning,Submitting reports after starting demolition violates the requirement that reporting must occur before work begins.,1,2025-12-08T00:00:00Z,active
01KCXGG0SW0001H0Q1FW1P83Q8,01KCXGG0SW0001H0Q1FW1PCM88,"A social work team will run three evening programs in one week: youth mentoring (Y), elderly home visits (E), and street outreach (S), each on a different day from Monday to Wednesday. Rules: (1) If Y is on Monday, then S must be on Wednesday. (2) E cannot be on Monday. (3) S must not be on the day immediately after E. Which of the following schedules is possible?",Logic & Reasoning,"Option C is the only schedule that follows all rules:Y is not on Monday (so rule 1 doesn’t apply), E is not on Monday (rule 2 satisfied), and S is before E—not the day immediately after—so rule 3 is also satisfied.",1,2025-12-08T00:00:00Z,active
01KCXGG0SW0001H0Q1FW1P83Q8,01KCXGG0SW0001H0Q1FW1PEJR8,"A public health researcher argues: as heat waves become more frequent due to climate change, cities must invest in more shaded public spaces, otherwise hospital admissions for heat-related illnesses will continue to rise among outdoor workers and the elderly. Which assumption is most necessary for this argument?",Logic & Reasoning,"The argument assumes that shaded public spaces actually reduce harmful heat exposure for vulnerable groups; without that, the proposed solution would not help.",1,2025-12-08T00:00:00Z,active
01KCXGG0SW0001H0Q1FW1P83Q8,01KCXGG0SW0001H0Q1FW1PGEAG,"A city plans to replace diesel buses on three lines (L1, L2, L3) with electric buses. Due to budget limits, they can electrify only two lines now. Data show: L1 has the highest passenger volume, L2 passes through areas with the worst air quality, and L3 has moderate volume and good existing air quality. The city’s goal is to maximize public health benefits. Which choice best matches this goal?",Logic & Reasoning,Electrifying both the highest volume line and the line in the worst air quality area (L1 and L2) gives the largest reduction in total pollution exposure for people.,1,2025-12-08T00:00:00Z,active
01KCXGG0SW0001H0Q1FW1P83Q8,01KCXGG0SW0001H0Q1FW1PJ8XG,"A researcher claims: adopting a Mediterranean-style diet in coastal cities will significantly reduce the environmental impact of food systems there. Which of the following, if true, most supports this claim?",Logic & Reasoning,"Mediterranean diets tend to be more plant-based and use less red meat, which is directly associated with lower environmental impact than meat-heavy diets.",1,2025-12-08T00:00:00Z,active
01KCXGG0SW0001H0Q1FW1P83Q8,01KCXGG0SX0001H0Q1FW1PM7DG,A firm can fund only one of three projects this year: Project A has high expected return and very high risk; Project B has moderate expected return and low risk; Project C has low expected return but clear environmental benefits and positive brand impact. The board states: (1) we must avoid very high financial risk this year; (2) we will only choose a project that either has low risk or clearly improves our environmental reputation. Which project choice satisfies the board’s conditions?,Logic & Reasoning,"Project A violates the first rule. Projects B and C both satisfy the conditions: B is low risk, and C improves environmental reputation without very high risk.",1,2025-12-08T00:00:00Z,active
01KCXGG0SW0001H0Q1FW1P83Q8,01KCXGG0SX0001H0Q1FW1PQWKG,"A government analyst argues: 'If a city wants to reduce its total waste volume, it must expand recycling programs. Therefore, any city that does not expand recycling cannot reduce waste.' Which of the following, if true, most weakens the argument?",Logic & Reasoning,Showing waste can be reduced without expanding recycling breaks the claimed necessity.,1,2025-12-08T00:00:00Z,active
01KCXGG0SW0001H0Q1FW1P83Q8,01KCXGG0SX0001H0Q1FW1PSS50,"A government economist claims: if we raise the tax on sugary drinks, total sugar consumption in the country will definitely fall. Which of the following, if true, most seriously challenges this conclusion?",Logic & Reasoning,"If people respond by buying more high-sugar snacks instead of sugary drinks, then total sugar consumption might stay the same or even increase.",1,2025-12-08T00:00:00Z,active
01KCXGG0SW0001H0Q1FW1P83Q8,01KCXGG0SX0001H0Q1FW1PWB60,"A smart building wants to install three kinds of IoT sensors: temperature (T), air quality (A), and motion (M) on three floors: 1st, 2nd, and 3rd. Rules: (1) every floor must have at least one sensor; (2) the same sensor type cannot be installed on only one floor in the whole building; (3) if A is on the 1st floor, M must be on the 2nd floor. One planned layout is: 1st floor has T and A, 2nd floor has M, 3rd floor has T. Which statement about this layout is true?",Logic & Reasoning,"All floors have sensors, T appears on two floors, A appears with the required M on the 2nd floor, and M exists, so the layout satisfies all three rules.",1,2025-12-08T00:00:00Z,active
01KCXGG0SW0001H0Q1FW1P83Q8,01KCXGG0SX0001H0Q1FW1PY5S0,A startup claims that using a public blockchain for cross-border payments will automatically ensure full regulatory compliance in every country involved. Which assumption must their claim rely on?,Logic & Reasoning,The claim requires that regulators in all involved countries accept blockchain records as legally valid and sufficient for compliance.,1,2025-12-08T00:00:00Z,active
01KCXGG0SW0001H0Q1FW1P83Q8,01KCXGG0SX0001H0Q1FW1Q0JXR,"A tourist board observes that visitors who join food tours tend to stay longer in the city than those who join historical tours. The board concludes that joining food tours causes visitors to extend their stay. Which of the following, if true, most seriously weakens this conclusion?",Logic & Reasoning,"If longer-stay visitors simply choose food tours, then the causation is reversed and the conclusion fails.",1,2025-12-08T00:00:00Z,active
01KCXGG0SW0001H0Q1FW1P83Q8,01KCXGG0SX0001H0Q1FW1Q2DGR,"A coach designs a weekly plan for a runner: at least two high-intensity interval training (HIIT) sessions, no HIIT on the day immediately after a long-distance run, and at least one full rest day. One proposed schedule (Mon to Sun) is: Mon HIIT, Tue long run, Wed rest, Thu easy run, Fri HIIT, Sat easy run, Sun rest. Which statement is correct?",Logic & Reasoning,"The plan includes two HIIT days, avoids HIIT directly after the long run, and includes rest days on Wednesday and Sunday, so it follows all three rules.",1,2025-12-08T00:00:00Z,active
01KCXGG0SW0001H0Q1FW1P83Q8,01KCXGG0SX0001H0Q1FW1Q474G,"A hospital maps the journey of patients with type 2 diabetes and finds: many patients miss follow-up appointments because they cannot take time off work; medication adherence improves when patients receive SMS reminders; and patients report confusion about which professional to contact for diet advice. Based on this mapping, which intervention is most directly supported?",Logic & Reasoning,Extending clinic hours to evenings and weekends directly addresses the barrier of patients being unable to attend during working hours.,1,2025-12-08T00:00:00Z,active
01KCXGG0SW0001H0Q1FW1P83Q8,01KCXGG0SX0001H0Q1FW1Q5YSR,"Advocates argue: to reduce legal conflicts around access to insulin, countries must classify insulin as an essential medicine that cannot be subject to extreme price increases. Which of the following, if true, most strengthens this argument?",Logic & Reasoning,"If countries that classify insulin as essential already have price controls, it shows that such classification can lead to protection against extreme price increases.",1,2025-12-08T00:00:00Z,active
01KCXGG0SW0001H0Q1FW1P83Q8,01KCXGG0SX0001H0Q1FW1Q7QE8,"A researcher runs an experiment on a new meditation app. Participants volunteer online and are then allowed to choose whether they are in the meditation group or the control group. After four weeks, the meditation group has much lower stress scores. The researcher concludes that the app itself caused the reduction in stress. Which of the following, if true, most seriously weakens this conclusion?",Logic & Reasoning,"If participants who chose the meditation group were already more motivated to reduce stress, then pre-existing differences, not the app, may explain the results.",1,2025-12-08T00:00:00Z,active
01KCXGG0SW0001H0Q1FW1P83Q8,01KCXGG0SX0001H0Q1FW1Q9G2R,"A researcher states: 'People who take a daily 10-minute concentration quiz show improvement after two weeks, so the quiz itself improves concentration.' Which of the following, if true, most weakens this conclusion?",Logic & Reasoning,"If participants also engaged in other activities that improve concentration, the quiz cannot be identified as the true cause.",1,2025-12-08T00:00:00Z,active
01KCXGG0SW0001H0Q1FW1P83Q8,01KCXGG0SX0001H0Q1FW1QB7R0,"A tourism board notes: posts tagged with the city’s main hashtag that include short videos receive twice as many shares as photo-only posts, and visitors who share posts are more likely to recommend the city to friends. The board concludes that encouraging tourists to post short videos will significantly increase word-of-mouth promotion of the city. Which of the following, if true, most supports this conclusion?",Logic & Reasoning,"If short videos are more likely to appear on the platform’s recommendation page, they will get more visibility and shares, supporting the idea of more word-of-mouth.",1,2025-12-08T00:00:00Z,active
01KCXGG0SW0001H0Q1FW1P83Q8,01KCXGG0SX0001H0Q1FW1QCZD8,"A travel company offers three city tours: Historical (H), Food (F), and Nightlife (N). For a one-day package, a customer can choose two tours, subject to: (1) H and N cannot be taken together; (2) if F is chosen, it must not be combined with any tour that ends after 9 pm; (3) H ends at 7 pm, F ends at 5 pm, N ends after 10 pm. Which pair of tours is allowed?",Logic & Reasoning,The pair H and F finishes at 7 pm and 5 pm and does not violate any rule; all other pairs break at least one constraint.,1,2025-12-08T00:00:00Z,active
01KCXGG0SW0001H0Q1FW1P83Q8,01KCXGG0SX0001H0Q1FW1QEWY0,"A planner argues: if a city wants to be truly sustainable, it must reduce car dependency. Therefore, any urban plan that expands highways cannot be considered sustainable. Which of the following, if true, most weakens this argument?",Logic & Reasoning,"If the highway expansion includes dedicated lanes for electric buses and high-occupancy vehicles, it can actually reduce car dependency, contradicting the planner’s claim.",1,2025-12-08T00:00:00Z,active
01KCXGG0SY0001H0Q1FW1RCVXG,01KCXGG0SY0001H0Q1FW1RD2R8,Which principle is MOST associated with ensuring fairness in the distribution of resources within a society?,Logic & Reasoning,Justice focuses on fair and equitable allocation of resources.,1,2025-12-08T00:00:00Z,active
01KCXGG0SY0001H0Q1FW1RCVXG,01KCXGG0SY0001H0Q1FW1RF36R,Which group is MOST at risk of respiratory illness due to increased air pollution from climate change?,Logic & Reasoning,Children and elderly individuals have higher biological vulnerability to pollutants.,1,2025-12-08T00:00:00Z,active
01KCXGG0SY0001H0Q1FW1RCVXG,01KCXGG0SZ0001H0Q1FW1RH0QG,What does inflation primarily refer to in economics?,Logic & Reasoning,Inflation represents an overall increase in general price levels.,1,2025-12-08T00:00:00Z,active
01KCXGG0SY0001H0Q1FW1RCVXG,01KCXGG0SZ0001H0Q1FW1RJW9R,Which nutrient plays the primary role in repairing muscle tissue after exercise?,Logic & Reasoning,Protein is the key nutrient for muscle recovery and tissue repair.,1,2025-12-08T00:00:00Z,active
01KCXGG0SY0001H0Q1FW1RCVXG,01KCXGG0SZ0001H0Q1FW1RMMY8,Which source of energy is classified as renewable?,Logic & Reasoning,Wind energy replenishes naturally and is considered renewable.,1,2025-12-08T00:00:00Z,active
01KCXGG0SY0001H0Q1FW1RCVXG,01KCXGG0SZ0001H0Q1FW1RPFH8,What does Ohm’s Law describe in basic circuit analysis?,Logic & Reasoning,"Ohm's Law defines the linear relationship between voltage, current, and resistance.",1,2025-12-08T00:00:00Z,active
01KCXGG0SY0001H0Q1FW1RCVXG,01KCXGG0SZ0001H0Q1FW1RR950,Which device is commonly used in IoT systems to detect air quality levels?,Logic & Reasoning,Air-quality sensors such as MQ-series detect gases and pollutants in the environment.,1,2025-12-08T00:00:00Z,active
01KCXGG0SY0001H0Q1FW1RCVXG,01KCXGG0SZ0001H0Q1FW1RT1SG,"In mathematics, which operation takes highest precedence?",Logic & Reasoning,"Exponents are evaluated before multiplication, division, addition, or subtraction.",1,2025-12-08T00:00:00Z,active
01KCXGG0SY0001H0Q1FW1RCVXG,01KCXGG0SZ0001H0Q1FW1RVTE0,What is the primary function of an algorithm in computing?,Logic & Reasoning,An algorithm provides step-by-step instructions to solve a problem.,1,2025-12-08T00:00:00Z,active
01KCXGG0SY0001H0Q1FW1RCVXG,01KCXGG0SZ0001H0Q1FW1RXK2G,Which factor MOST improves the energy efficiency of electric vehicles compared to gasoline cars?,Logic & Reasoning,EVs convert a much higher proportion of electrical energy into motion.,1,2025-12-08T00:00:00Z,active
01KCXGG0SY0001H0Q1FW1RCVXG,01KCXGG0SZ0001H0Q1FW1RZBQ0,Fuel cells generate electricity primarily through which process?,Logic & Reasoning,Fuel cells produce electricity via electrochemical reactions rather than combustion.,1,2025-12-08T00:00:00Z,active
01KCXGG0SY0001H0Q1FW1RCVXG,01KCXGG0SZ0001H0Q1FW1S14BG,Which social media metric BEST indicates audience engagement?,Logic & Reasoning,"Engagement rate measures meaningful interactions like likes, comments, and shares.",1,2025-12-08T00:00:00Z,active
01KCXGG0SY0001H0Q1FW1RCVXG,01KCXGG0SZ0001H0Q1FW1S31W8,Which macroeconomic indicator measures the average change in prices paid by consumers?,Logic & Reasoning,The Consumer Price Index tracks price changes for a basket of goods and services.,1,2025-12-08T00:00:00Z,active
01KCXGG0SY0001H0Q1FW1RCVXG,01KCXGG0SZ0001H0Q1FW1S4TGR,Which research method helps control for confounding variables in psychology experiments?,Logic & Reasoning,Random assignment ensures participants are distributed evenly among conditions.,1,2025-12-08T00:00:00Z,active
01KCXGG0SY0001H0Q1FW1RCVXG,01KCXGG0SZ0001H0Q1FW1S6S0R,Which factor MOST affects blood glucose levels in individuals with diabetes?,Logic & Reasoning,Carbohydrate intake has the most significant direct effect on blood sugar.,1,2025-12-08T00:00:00Z,active
01KCXGG0SY0001H0Q1FW1RCVXG,01KCXGG0SZ0001H0Q1FW1S8GP0,Which component of sustainable food systems focuses on reducing emissions from agriculture?,Logic & Reasoning,Lowering livestock-related methane is a key emissions-reduction strategy.,1,2025-12-08T00:00:00Z,active
01KCXGG0SY0001H0Q1FW1RCVXG,01KCXGG0SZ0001H0Q1FW1SA9AG,Which concept is central to sustainable urban development?,Logic & Reasoning,"Balancing environmental protection, economic growth, and social equity defines sustainability.",1,2025-12-08T00:00:00Z,active
01KCXGG0SY0001H0Q1FW1RCVXG,01KCXGG0SZ0001H0Q1FW1SCVBG,"When analyzing tourism demand, which factor MOST influences seasonal variation?",Logic & Reasoning,Weather patterns significantly influence travel decisions and tourism cycles.,1,2025-12-08T00:00:00Z,active
01KCXGG0SY0001H0Q1FW1RCVXG,01KCXGG0SZ0001H0Q1FW1SEK0R,Which characteristic defines a market economy?,Logic & Reasoning,Market economies rely on supply and demand to determine prices.,1,2025-12-08T00:00:00Z,active
01KCXGG0SY0001H0Q1FW1RCVXG,01KCXGG0T00001H0Q1FW1SGBN8,Which mathematical concept describes the rate at which one variable changes relative to another?,Logic & Reasoning,Slope represents the change in one variable relative to the change in another.,1,2025-12-08T00:00:00Z,active
01KCXGG0T10001H0Q1FW1TFQJ8,01KCXGG0T10001H0Q1FW1TFZC8,Which function of management involves setting objectives?,Business Administration,Planning defines objectives.,1,2025-12-20T00:00:00Z,active
01KCXGG0T10001H0Q1FW1TFQJ8,01KCXGG0T10001H0Q1FW1TJ2RG,SWOT analysis is used to assess:,Business Administration,SWOT analysis.,1,2025-12-20T00:00:00Z,active
01KCXGG0T10001H0Q1FW1TFQJ8,01KCXGG0T10001H0Q1FW1TKZA0,Which is an example of a controllable cost?,Business Administration,Direct labor varies with output.,1,2025-12-20T00:00:00Z,active
01KCXGG0T10001H0Q1FW1TFQJ8,01KCXGG0T10001H0Q1FW1TNRXR,Span of control refers to:,Business Administration,Span of control.,1,2025-12-20T00:00:00Z,active
01KCXGG0T10001H0Q1FW1TFQJ8,01KCXGG0T10001H0Q1FW1TQRD0,Which leadership style encourages participation?,Business Administration,Democratic leadership.,1,2025-12-20T00:00:00Z,active
01KCXGG0T10001H0Q1FW1TFQJ8,01KCXGG0T10001H0Q1FW1TSH1G,KPIs are primarily used to:,Business Administration,KPIs measure results.,1,2025-12-20T00:00:00Z,active
01KCXGG0T10001H0Q1FW1TFQJ8,01KCXGG0T10001H0Q1FW1TVAN8,Maslow’s hierarchy focuses on:,Business Administration,Motivation theory.,1,2025-12-20T00:00:00Z,active
01KCXGG0T10001H0Q1FW1TFQJ8,01KCXGG0T10001H0Q1FW1TXHYG,Cost leadership strategy relies on:,Business Administration,Cost leadership.,1,2025-12-20T00:00:00Z,active
01KCXGG0T10001H0Q1FW1TFQJ8,01KCXGG0T10001H0Q1FW1V109R,A mission statement defines:,Business Administration,Mission purpose.,1,2025-12-20T00:00:00Z,active
01KCXGG0T10001H0Q1FW1TFQJ8,01KCXGG0T10001H0Q1FW1V39HG,Change management aims to:,Business Administration,Managing change.,1,2025-12-20T00:00:00Z,active
01KCXGG0T10001H0Q1FW1TFQJ8,01KCXGG0T10001H0Q1FW1V5FVG,Which function of management involves setting objectives?,Business Administration,Planning defines objectives.,1,2025-12-20T00:00:00Z,active
01KCXGG0T10001H0Q1FW1TFQJ8,01KCXGG0T10001H0Q1FW1V7CD0,SWOT analysis is used to assess:,Business Administration,SWOT analysis.,1,2025-12-20T00:00:00Z,active
01KCXGG0T10001H0Q1FW1TFQJ8,01KCXGG0T10001H0Q1FW1V9700,Which is an example of a controllable cost?,Business Administration,Direct labor varies with output.,1,2025-12-20T00:00:00Z,active
01KCXGG0T10001H0Q1FW1TFQJ8,01KCXGG0T10001H0Q1FW1VBF8G,Span of control refers to:,Business Administration,Span of control.,1,2025-12-20T00:00:00Z,active
01KCXGG0T10001H0Q1FW1TFQJ8,01KCXGG0T20001H0Q1FW1VDFQ0,Which leadership style encourages participation?,Business Administration,Democratic leadership.,1,2025-12-20T00:00:00Z,active
01KCXGG0T10001H0Q1FW1TFQJ8,01KCXGG0T20001H0Q1FW1VF9AR,KPIs are primarily used to:,Business Administration,KPIs measure results.,1,2025-12-20T00:00:00Z,active
01KCXGG0T10001H0Q1FW1TFQJ8,01KCXGG0T20001H0Q1FW1VJNQG,Maslow’s hierarchy focuses on:,Business Administration,Motivation theory.,1,2025-12-20T00:00:00Z,active
01KCXGG0T10001H0Q1FW1TFQJ8,01KCXGG0T20001H0Q1FW1VNX80,Cost leadership strategy relies on:,Business Administration,Cost leadership.,1,2025-12-20T00:00:00Z,active
01KCXGG0T10001H0Q1FW1TFQJ8,01KCXGG0T20001H0Q1FW1VQWQ8,A mission statement defines:,Business Administration,Mission purpose.,1,2025-12-20T00:00:00Z,active
01KCXGG0T10001H0Q1FW1TFQJ8,01KCXGG0T20001H0Q1FW1VSQA8,Change management aims to:,Business Administration,Managing change.,1,2025-12-20T00:00:00Z,active
01KCXGG0T10001H0Q1FW1TFQJ8,01KCXGG0T20001H0Q1FW1VVGY0,Which function of management involves setting objectives?,Business Administration,Planning defines objectives.,1,2025-12-20T00:00:00Z,active
01KCXGG0T10001H0Q1FW1TFQJ8,01KCXGG0T20001H0Q1FW1VZGVR,SWOT analysis is used to assess:,Business Administration,SWOT analysis.,1,2025-12-20T00:00:00Z,active
01KCXGG0T10001H0Q1FW1TFQJ8,01KCXGG0T20001H0Q1FW1W1ECG,Which is an example of a controllable cost?,Business Administration,Direct labor varies with output.,1,2025-12-20T00:00:00Z,active
01KCXGG0T10001H0Q1FW1TFQJ8,01KCXGG0T20001H0Q1FW1W361R,Span of control refers to:,Business Administration,Span of control.,1,2025-12-20T00:00:00Z,active
01KCXGG0T10001H0Q1FW1TFQJ8,01KCXGG0T20001H0Q1FW1W8KW8,Which leadership style encourages participation?,Business Administration,Democratic leadership.,1,2025-12-20T00:00:00Z,active
01KCXGG0T10001H0Q1FW1TFQJ8,01KCXGG0T30001H0Q1FW1WAMAR,KPIs are primarily used to:,Business Administration,KPIs measure results.,1,2025-12-20T00:00:00Z,active
01KCXGG0T10001H0Q1FW1TFQJ8,01KCXGG0T30001H0Q1FW1WCFX0,Maslow’s hierarchy focuses on:,Business Administration,Motivation theory.,1,2025-12-20T00:00:00Z,active
01KCXGG0T10001H0Q1FW1TFQJ8,01KCXGG0T30001H0Q1FW1WE7J8,Cost leadership strategy relies on:,Business Administration,Cost leadership.,1,2025-12-20T00:00:00Z,active
01KCXGG0T10001H0Q1FW1TFQJ8,01KCXGG0T30001H0Q1FW1WG530,A mission statement defines:,Business Administration,Mission purpose.,1,2025-12-20T00:00:00Z,active
01KCXGG0T10001H0Q1FW1TFQJ8,01KCXGG0T30001H0Q1FW1WHXQG,Change management aims to:,Business Administration,Managing change.,1,2025-12-20T00:00:00Z,active
01KCXGG0T30001H0Q1FW1WKFH8,01KCXGG0T30001H0Q1FW1WKPC0,Which function of management involves setting objectives?,Business Administration,Planning defines objectives.,1,2025-12-20T00:00:00Z,active
01KCXGG0T30001H0Q1FW1WKFH8,01KCXGG0T30001H0Q1FW1WNE18,SWOT analysis is used to assess:,Business Administration,SWOT analysis.,1,2025-12-20T00:00:00Z,active
01KCXGG0T30001H0Q1FW1WKFH8,01KCXGG0T30001H0Q1FW1WQ4Q8,Which is an example of a controllable cost?,Business Administration,Direct labor varies with output.,1,2025-12-20T00:00:00Z,active
01KCXGG0T30001H0Q1FW1WKFH8,01KCXGG0T30001H0Q1FW1WRWCG,Span of control refers to:,Business Administration,Span of control.,1,2025-12-20T00:00:00Z,active
01KCXGG0T30001H0Q1FW1WKFH8,01KCXGG0T30001H0Q1FW1WTM1R,Which leadership style encourages participation?,Business Administration,Democratic leadership.,1,2025-12-20T00:00:00Z,active
01KCXGG0T30001H0Q1FW1WKFH8,01KCXGG0T30001H0Q1FW1WWBQ0,KPIs are primarily used to:,Business Administration,KPIs measure results.,1,2025-12-20T00:00:00Z,active
01KCXGG0T30001H0Q1FW1WKFH8,01KCXGG0T30001H0Q1FW1WY6A0,Maslow’s hierarchy focuses on:,Business Administration,Motivation theory.,1,2025-12-20T00:00:00Z,active
01KCXGG0T30001H0Q1FW1WKFH8,01KCXGG0T30001H0Q1FW1WZXZ8,Cost leadership strategy relies on:,Business Administration,Cost leadership.,1,2025-12-20T00:00:00Z,active
01KCXGG0T30001H0Q1FW1WKFH8,01KCXGG0T30001H0Q1FW1X1NMG,A mission statement defines:,Business Administration,Mission purpose.,1,2025-12-20T00:00:00Z,active
01KCXGG0T30001H0Q1FW1WKFH8,01KCXGG0T30001H0Q1FW1X3D9R,Change management aims to:,Business Administration,Managing change.,1,2025-12-20T00:00:00Z,active
01KCXGG0T30001H0Q1FW1WKFH8,01KCXGG0T30001H0Q1FW1X53ZR,Which function of management involves setting objectives?,Business Administration,Planning defines objectives.,1,2025-12-20T00:00:00Z,active
01KCXGG0T30001H0Q1FW1WKFH8,01KCXGG0T30001H0Q1FW1X6VN0,SWOT analysis is used to assess:,Business Administration,SWOT analysis.,1,2025-12-20T00:00:00Z,active
01KCXGG0T30001H0Q1FW1WKFH8,01KCXGG0T40001H0Q1FW1X8R6G,Which is an example of a controllable cost?,Business Administration,Direct labor varies with output.,1,2025-12-20T00:00:00Z,active
01KCXGG0T30001H0Q1FW1WKFH8,01KCXGG0T40001H0Q1FW1XAFVR,Span of control refers to:,Business Administration,Span of control.,1,2025-12-20T00:00:00Z,active
01KCXGG0T30001H0Q1FW1WKFH8,01KCXGG0T40001H0Q1FW1XC9FG,Which leadership style encourages participation?,Business Administration,Democratic leadership.,1,2025-12-20T00:00:00Z,active
01KCXGG0T30001H0Q1FW1WKFH8,01KCXGG0T40001H0Q1FW1XE14R,KPIs are primarily used to:,Business Administration,KPIs measure results.,1,2025-12-20T00:00:00Z,active
01KCXGG0T30001H0Q1FW1WKFH8,01KCXGG0T40001H0Q1FW1XFQTR,Maslow’s hierarchy focuses on:,Business Administration,Motivation theory.,1,2025-12-20T00:00:00Z,active
01KCXGG0T30001H0Q1FW1WKFH8,01KCXGG0T40001H0Q1FW1XHFG0,Cost leadership strategy relies on:,Business Administration,Cost leadership.,1,2025-12-20T00:00:00Z,active
01KCXGG0T30001H0Q1FW1WKFH8,01KCXGG0T40001H0Q1FW1XK660,A mission statement defines:,Business Administration,Mission purpose.,1,2025-12-20T00:00:00Z,active
01KCXGG0T30001H0Q1FW1WKFH8,01KCXGG0T40001H0Q1FW1XNDF8,Change management aims to:,Business Administration,Managing change.,1,2025-12-20T00:00:00Z,active
01KCXGG0T30001H0Q1FW1WKFH8,01KCXGG0T40001H0Q1FW1XQ54G,Which function of management involves setting objectives?,Business Administration,Planning defines objectives.,1,2025-12-20T00:00:00Z,active
01KCXGG0T30001H0Q1FW1WKFH8,01KCXGG0T40001H0Q1FW1XT0Y0,SWOT analysis is used to assess:,Business Administration,SWOT analysis.,1,2025-12-20T00:00:00Z,active
01KCXGG0T30001H0Q1FW1WKFH8,01KCXGG0T40001H0Q1FW1XW0D8,Which is an example of a controllable cost?,Business Administration,Direct labor varies with output.,1,2025-12-20T00:00:00Z,active
01KCXGG0T30001H0Q1FW1WKFH8,01KCXGG0T40001H0Q1FW1XXT10,Span of control refers to:,Business Administration,Span of control.,1,2025-12-20T00:00:00Z,active
01KCXGG0T30001H0Q1FW1WKFH8,01KCXGG0T40001H0Q1FW1XZHP8,Which leadership style encourages participation?,Business Administration,Democratic leadership.,1,2025-12-20T00:00:00Z,active
01KCXGG0T30001H0Q1FW1WKFH8,01KCXGG0T40001H0Q1FW1Y1G68,KPIs are primarily used to:,Business Administration,KPIs measure results.,1,2025-12-20T00:00:00Z,active
01KCXGG0T30001H0Q1FW1WKFH8,01KCXGG0T40001H0Q1FW1Y3CQR,Maslow’s hierarchy focuses on:,Business Administration,Motivation theory.,1,2025-12-20T00:00:00Z,active
01KCXGG0T30001H0Q1FW1WKFH8,01KCXGG0T40001H0Q1FW1Y52EG,Cost leadership strategy relies on:,Business Administration,Cost leadership.,1,2025-12-20T00:00:00Z,active
01KCXGG0T30001H0Q1FW1WKFH8,01KCXGG0T40001H0Q1FW1Y6R58,A mission statement defines:,Business Administration,Mission purpose.,1,2025-12-20T00:00:00Z,active
01KCXGG0T30001H0Q1FW1WKFH8,01KCXGG0T50001H0Q1FW1Y8CWR,Change management aims to:,Business Administration,Managing change.,1,2025-12-20T00:00:00Z,active
01KCXGG0T50001H0Q1FW1Y9VRR,01KCXGG0T50001H0Q1FW1YA2KG,The accounting equation is:,Accounting,Accounting equation.,1,2025-12-20T00:00:00Z,active
01KCXGG0T50001H0Q1FW1Y9VRR,01KCXGG0T50001H0Q1FW1YBRA8,Which account increases with a debit?,Accounting,Assets increase with debit.,1,2025-12-20T00:00:00Z,active
01KCXGG0T50001H0Q1FW1Y9VRR,01KCXGG0T50001H0Q1FW1YDD1R,Depreciation is used to:,Accounting,Depreciation purpose.,1,2025-12-20T00:00:00Z,active
01KCXGG0T50001H0Q1FW1Y9VRR,01KCXGG0T50001H0Q1FW1YF2RG,Which statement shows financial position?,Accounting,Balance sheet.,1,2025-12-20T00:00:00Z,active
01KCXGG0T50001H0Q1FW1Y9VRR,01KCXGG0T50001H0Q1FW1YGSEG,Accounts receivable represents:,Accounting,Receivables.,1,2025-12-20T00:00:00Z,active
01KCXGG0T50001H0Q1FW1Y9VRR,01KCXGG0T50001H0Q1FW1YJF58,Which is a current asset?,Accounting,Current asset.,1,2025-12-20T00:00:00Z,active
01KCXGG0T50001H0Q1FW1Y9VRR,01KCXGG0T50001H0Q1FW1YM4W0,Accrual accounting recognizes revenue when:,Accounting,Accrual principle.,1,2025-12-20T00:00:00Z,active
01KCXGG0T50001H0Q1FW1Y9VRR,01KCXGG0T50001H0Q1FW1YNSKG,Gross profit equals:,Accounting,Gross profit.,1,2025-12-20T00:00:00Z,active
01KCXGG0T50001H0Q1FW1Y9VRR,01KCXGG0T50001H0Q1FW1YQFA8,Which account is closed at period end?,Accounting,Temporary account.,1,2025-12-20T00:00:00Z,active
01KCXGG0T50001H0Q1FW1Y9VRR,01KCXGG0T50001H0Q1FW1YS510,Audit objective ensures:,Accounting,Audit purpose.,1,2025-12-20T00:00:00Z,active
01KCXGG0T50001H0Q1FW1Y9VRR,01KCXGG0T50001H0Q1FW1YTTQR,The accounting equation is:,Accounting,Accounting equation.,1,2025-12-20T00:00:00Z,active
01KCXGG0T50001H0Q1FW1Y9VRR,01KCXGG0T50001H0Q1FW1Z0R68,Which account increases with a debit?,Accounting,Assets increase with debit.,1,2025-12-20T00:00:00Z,active
01KCXGG0T50001H0Q1FW1Y9VRR,01KCXGG0T50001H0Q1FW1Z388R,Depreciation is used to:,Accounting,Depreciation purpose.,1,2025-12-20T00:00:00Z,active
01KCXGG0T50001H0Q1FW1Y9VRR,01KCXGG0T50001H0Q1FW1Z59PG,Which statement shows financial position?,Accounting,Balance sheet.,1,2025-12-20T00:00:00Z,active
01KCXGG0T50001H0Q1FW1Y9VRR,01KCXGG0T60001H0Q1FW1Z7778,Accounts receivable represents:,Accounting,Receivables.,1,2025-12-20T00:00:00Z,active
01KCXGG0T50001H0Q1FW1Y9VRR,01KCXGG0T60001H0Q1FW1Z90V0,Which is a current asset?,Accounting,Current asset.,1,2025-12-20T00:00:00Z,active
01KCXGG0T50001H0Q1FW1Y9VRR,01KCXGG0T60001H0Q1FW1ZATER,Accrual accounting recognizes revenue when:,Accounting,Accrual principle.,1,2025-12-20T00:00:00Z,active
01KCXGG0T50001H0Q1FW1Y9VRR,01KCXGG0T60001H0Q1FW1ZCTX8,Gross profit equals:,Accounting,Gross profit.,1,2025-12-20T00:00:00Z,active
01KCXGG0T50001H0Q1FW1Y9VRR,01KCXGG0T60001H0Q1FW1ZEPFG,Which account is closed at period end?,Accounting,Temporary account.,1,2025-12-20T00:00:00Z,active
01KCXGG0T50001H0Q1FW1Y9VRR,01KCXGG0T60001H0Q1FW1ZGF40,Audit objective ensures:,Accounting,Audit purpose.,1,2025-12-20T00:00:00Z,active
01KCXGG0T50001H0Q1FW1Y9VRR,01KCXGG0T60001H0Q1FW1ZJ6S8,The accounting equation is:,Accounting,Accounting equation.,1,2025-12-20T00:00:00Z,active
01KCXGG0T50001H0Q1FW1Y9VRR,01KCXGG0T60001H0Q1FW1ZKYEG,Which account increases with a debit?,Accounting,Assets increase with debit.,1,2025-12-20T00:00:00Z,active
01KCXGG0T50001H0Q1FW1Y9VRR,01KCXGG0T60001H0Q1FW1ZNM58,Depreciation is used to:,Accounting,Depreciation purpose.,1,2025-12-20T00:00:00Z,active
01KCXGG0T50001H0Q1FW1Y9VRR,01KCXGG0T60001H0Q1FW1ZQCSR,Which statement shows financial position?,Accounting,Balance sheet.,1,2025-12-20T00:00:00Z,active
01KCXGG0T50001H0Q1FW1Y9VRR,01KCXGG0T60001H0Q1FW1ZS6DG,Accounts receivable represents:,Accounting,Receivables.,1,2025-12-20T00:00:00Z,active
01KCXGG0T50001H0Q1FW1Y9VRR,01KCXGG0T60001H0Q1FW1ZTX3G,Which is a current asset?,Accounting,Current asset.,1,2025-12-20T00:00:00Z,active
01KCXGG0T50001H0Q1FW1Y9VRR,01KCXGG0T60001H0Q1FW1ZWJT8,Accrual accounting recognizes revenue when:,Accounting,Accrual principle.,1,2025-12-20T00:00:00Z,active
01KCXGG0T50001H0Q1FW1Y9VRR,01KCXGG0T60001H0Q1FW1ZYAFG,Gross profit equals:,Accounting,Gross profit.,1,2025-12-20T00:00:00Z,active
01KCXGG0T50001H0Q1FW1Y9VRR,01KCXGG0T60001H0Q1FW20015G,Which account is closed at period end?,Accounting,Temporary account.,1,2025-12-20T00:00:00Z,active
01KCXGG0T50001H0Q1FW1Y9VRR,01KCXGG0T60001H0Q1FW201QVG,Audit objective ensures:,Accounting,Audit purpose.,1,2025-12-20T00:00:00Z,active
01KCXGG0SP0001H0Q1FW1GGERR,01KCXGG0T60001H0Q1FW203EHG,The accounting equation is:,Accounting,Accounting equation.,1,2025-12-20T00:00:00Z,active
01KCXGG0SP0001H0Q1FW1GGERR,01KCXGG0T70001H0Q1FW20B3N8,Which account increases with a debit?,Accounting,Assets increase with debit.,1,2025-12-20T00:00:00Z,active
01KCXGG0SP0001H0Q1FW1GGERR,01KCXGG0T70001H0Q1FW20F1MG,Depreciation is used to:,Accounting,Depreciation purpose.,1,2025-12-20T00:00:00Z,active
01KCXGG0SP0001H0Q1FW1GGERR,01KCXGG0T70001H0Q1FW20JA48,Which statement shows financial position?,Accounting,Balance sheet.,1,2025-12-20T00:00:00Z,active
01KCXGG0SP0001H0Q1FW1GGERR,01KCXGG0T70001H0Q1FW20NDQR,Accounts receivable represents:,Accounting,Receivables.,1,2025-12-20T00:00:00Z,active
01KCXGG0SP0001H0Q1FW1GGERR,01KCXGG0T70001H0Q1FW20SSCG,Which is a current asset?,Accounting,Current asset.,1,2025-12-20T00:00:00Z,active
01KCXGG0SP0001H0Q1FW1GGERR,01KCXGG0T70001H0Q1FW20XX78,Accrual accounting recognizes revenue when:,Accounting,Accrual principle.,1,2025-12-20T00:00:00Z,active
01KCXGG0SP0001H0Q1FW1GGERR,01KCXGG0T70001H0Q1FW210R1G,Gross profit equals:,Accounting,Gross profit.,1,2025-12-20T00:00:00Z,active
01KCXGG0SP0001H0Q1FW1GGERR,01KCXGG0T70001H0Q1FW212NJ8,Which account is closed at period end?,Accounting,Temporary account.,1,2025-12-20T00:00:00Z,active
01KCXGG0SP0001H0Q1FW1GGERR,01KCXGG0T80001H0Q1FW214F60,Audit objective ensures:,Accounting,Audit purpose.,1,2025-12-20T00:00:00Z,active
01KCXGG0SP0001H0Q1FW1GGERR,01KCXGG0T80001H0Q1FW2166V8,The accounting equation is:,Accounting,Accounting equation.,1,2025-12-20T00:00:00Z,active
01KCXGG0SP0001H0Q1FW1GGERR,01KCXGG0T80001H0Q1FW217YGG,Which account increases with a debit?,Accounting,Assets increase with debit.,1,2025-12-20T00:00:00Z,active
01KCXGG0SP0001H0Q1FW1GGERR,01KCXGG0T80001H0Q1FW219P5R,Depreciation is used to:,Accounting,Depreciation purpose.,1,2025-12-20T00:00:00Z,active
01KCXGG0SP0001H0Q1FW1GGERR,01KCXGG0T80001H0Q1FW21BCVR,Which statement shows financial position?,Accounting,Balance sheet.,1,2025-12-20T00:00:00Z,active
01KCXGG0SP0001H0Q1FW1GGERR,01KCXGG0T80001H0Q1FW21D2JG,Accounts receivable represents:,Accounting,Receivables.,1,2025-12-20T00:00:00Z,active
01KCXGG0SP0001H0Q1FW1GGERR,01KCXGG0T80001H0Q1FW21ES8G,Which is a current asset?,Accounting,Current asset.,1,2025-12-20T00:00:00Z,active
01KCXGG0SP0001H0Q1FW1GGERR,01KCXGG0T80001H0Q1FW21GKVG,Accrual accounting recognizes revenue when:,Accounting,Accrual principle.,1,2025-12-20T00:00:00Z,active
01KCXGG0SP0001H0Q1FW1GGERR,01KCXGG0T80001H0Q1FW21JAHG,Gross profit equals:,Accounting,Gross profit.,1,2025-12-20T00:00:00Z,active
01KCXGG0SP0001H0Q1FW1GGERR,01KCXGG0T80001H0Q1FW21M088,Which account is closed at period end?,Accounting,Temporary account.,1,2025-12-20T00:00:00Z,active
01KCXGG0SP0001H0Q1FW1GGERR,01KCXGG0T80001H0Q1FW21NMZR,Audit objective ensures:,Accounting,Audit purpose.,1,2025-12-20T00:00:00Z,active
01KCXGG0SP0001H0Q1FW1GGERR,01KCXGG0T80001H0Q1FW21QBNR,The accounting equation is:,Accounting,Accounting equation.,1,2025-12-20T00:00:00Z,active
01KCXGG0SP0001H0Q1FW1GGERR,01KCXGG0T80001H0Q1FW21S0D8,Which account increases with a debit?,Accounting,Assets increase with debit.,1,2025-12-20T00:00:00Z,active
01KCXGG0SP0001H0Q1FW1GGERR,01KCXGG0T80001H0Q1FW21TQ38,Depreciation is used to:,Accounting,Depreciation purpose.,1,2025-12-20T00:00:00Z,active
01KCXGG0SP0001H0Q1FW1GGERR,01KCXGG0T80001H0Q1FW21WMM0,Which statement shows financial position?,Accounting,Balance sheet.,1,2025-12-20T00:00:00Z,active
01KCXGG0SP0001H0Q1FW1GGERR,01KCXGG0T80001H0Q1FW21YBA0,Accounts receivable represents:,Accounting,Receivables.,1,2025-12-20T00:00:00Z,active
01KCXGG0SP0001H0Q1FW1GGERR,01KCXGG0T80001H0Q1FW2204XR,Which is a current asset?,Accounting,Current asset.,1,2025-12-20T00:00:00Z,active
01KCXGG0SP0001H0Q1FW1GGERR,01KCXGG0T90001H0Q1FW221TMG,Accrual accounting recognizes revenue when:,Accounting,Accrual principle.,1,2025-12-20T00:00:00Z,active
01KCXGG0SP0001H0Q1FW1GGERR,01KCXGG0T90001H0Q1FW223HAG,Gross profit equals:,Accounting,Gross profit.,1,2025-12-20T00:00:00Z,active
01KCXGG0SP0001H0Q1FW1GGERR,01KCXGG0T90001H0Q1FW225AY8,Which account is closed at period end?,Accounting,Temporary account.,1,2025-12-20T00:00:00Z,active
01KCXGG0SP0001H0Q1FW1GGERR,01KCXGG0T90001H0Q1FW2275H8,Audit objective ensures:,Accounting,Audit purpose.,1,2025-12-20T00:00:00Z,active
01KCXGG0TA0001H0Q1FW23F3VG,01KCXGG0TA0001H0Q1FW23FBNG,What is 15% of 80?,Mathematics,15% = 0.15; 0.15×80 = 12.,1,2025-12-20T00:00:00Z,active
01KCXGG0TA0001H0Q1FW23F3VG,01KCXGG0TA0001H0Q1FW23HB4R,Solve for x: 3x + 5 = 20,Mathematics,"3x = 15, so x = 5.",1,2025-12-20T00:00:00Z,active
01KCXGG0TA0001H0Q1FW23F3VG,01KCXGG0TA0001H0Q1FW23K6Q0,"If f(x)=2x−1, what is f(6)?",Mathematics,f(6)=2×6−1=11.,1,2025-12-20T00:00:00Z,active
01KCXGG0TA0001H0Q1FW23F3VG,01KCXGG0TA0001H0Q1FW23N0AR,"What is the slope of the line passing through (2,3) and (6,11)?",Mathematics,Slope = (11−3)/(6−2)=8/4=2.,1,2025-12-20T00:00:00Z,active
01KCXGG0TA0001H0Q1FW23F3VG,01KCXGG0TA0001H0Q1FW23PR00,Simplify: (x^2)(x^3),Mathematics,Multiply same base → add exponents: 2+3=5.,1,2025-12-20T00:00:00Z,active
01KCXGG0TA0001H0Q1FW23F3VG,01KCXGG0TA0001H0Q1FW23RFN8,Which fraction is equivalent to 0.125?,Mathematics,0.125 = 125/1000 = 1/8.,1,2025-12-20T00:00:00Z,active
01KCXGG0TA0001H0Q1FW23F3VG,01KCXGG0TA0001H0Q1FW23T6B8,What is the area of a circle with radius 3? (Use π),Mathematics,Area = πr² = π×9 = 9π.,1,2025-12-20T00:00:00Z,active
01KCXGG0TA0001H0Q1FW23F3VG,01KCXGG0TA0001H0Q1FW23W0Y8,Evaluate: 2^5,Mathematics,2^5 = 32.,1,2025-12-20T00:00:00Z,active
01KCXGG0TA0001H0Q1FW23F3VG,01KCXGG0TB0001H0Q1FW23YG1G,"In Python, what does len([1,2,3]) return?",Computer Science,The list has 3 elements.,1,2025-12-20T00:00:00Z,active
01KCXGG0TA0001H0Q1FW23F3VG,01KCXGG0TB0001H0Q1FW2406QG,Which data structure is LIFO?,Computer Science,Stack is Last-In-First-Out.,1,2025-12-20T00:00:00Z,active
01KCXGG0TA0001H0Q1FW23F3VG,01KCXGG0TB0001H0Q1FW241XDG,What is the output of: for i in range(3): print(i),Computer Science,"range(3) yields 0,1,2.",1,2025-12-20T00:00:00Z,active
01KCXGG0TA0001H0Q1FW23F3VG,01KCXGG0TB0001H0Q1FW243M3G,Big-O of binary search on a sorted array is:,Computer Science,Binary search halves the search space each step.,1,2025-12-20T00:00:00Z,active
01KCXGG0TA0001H0Q1FW23F3VG,01KCXGG0TB0001H0Q1FW245ASG,Which is a correct Boolean expression in most languages?,Computer Science,Equality comparison commonly uses ==.,1,2025-12-20T00:00:00Z,active
01KCXGG0TA0001H0Q1FW23F3VG,01KCXGG0TB0001H0Q1FW246ZH0,What does 'immutable' mean?,Computer Science,Immutable objects cannot be modified after they are created.,1,2025-12-20T00:00:00Z,active
01KCXGG0TA0001H0Q1FW23F3VG,01KCXGG0TB0001H0Q1FW248N7R,Which sorting algorithm is typically O(n^2) in the average case?,Computer Science,Bubble sort is O(n^2) average/worst.,1,2025-12-20T00:00:00Z,active
01KCXGG0TA0001H0Q1FW23F3VG,01KCXGG0TB0001H0Q1FW24ACX0,"In Python, what does 'break' do inside a loop?",Computer Science,break exits the loop.,1,2025-12-20T00:00:00Z,active
01KCXGG0TA0001H0Q1FW23F3VG,01KCXGG0TB0001H0Q1FW24C2KR,Which measure of central tendency is most robust to outliers?,Data & Analytics,Median is less affected by extreme values.,1,2025-12-20T00:00:00Z,active
01KCXGG0TA0001H0Q1FW23F3VG,01KCXGG0TB0001H0Q1FW24DS9R,A 'bar chart' is best for showing:,Data & Analytics,Bar charts compare categories.,1,2025-12-20T00:00:00Z,active
01KCXGG0TA0001H0Q1FW23F3VG,01KCXGG0TB0001H0Q1FW24FF0G,"If correlation between X and Y is -0.9, it indicates:",Data & Analytics,Correlation close to -1 means strong negative association.,1,2025-12-20T00:00:00Z,active
01KCXGG0TA0001H0Q1FW23F3VG,01KCXGG0TB0001H0Q1FW24H5PG,"In a dataset, a 'feature' usually means:",Data & Analytics,Features are input variables.,1,2025-12-20T00:00:00Z,active
01KCXGG0TA0001H0Q1FW23F3VG,01KCXGG0TB0001H0Q1FW24JWCG,What does a p-value represent (in simple terms)?,Data & Analytics,It measures how surprising the data is under the null hypothesis.,1,2025-12-20T00:00:00Z,active
01KCXGG0TA0001H0Q1FW23F3VG,01KCXGG0TB0001H0Q1FW24MJ38,Which SQL clause filters rows before aggregation?,Databases,WHERE filters rows before GROUP BY.,1,2025-12-20T00:00:00Z,active
01KCXGG0TA0001H0Q1FW23F3VG,01KCXGG0TB0001H0Q1FW24P8S8,Which key uniquely identifies each row in a table?,Databases,Primary key uniquely identifies rows.,1,2025-12-20T00:00:00Z,active
01KCXGG0TA0001H0Q1FW23F3VG,01KCXGG0TB0001H0Q1FW24R3C8,What does JOIN do in SQL?,Databases,JOIN combines rows across tables using a join condition.,1,2025-12-20T00:00:00Z,active
01KCXGG0TA0001H0Q1FW23F3VG,01KCXGG0TB0001H0Q1FW24ST28,Which normal form mainly reduces repeating groups and ensures atomic columns?,Databases,1NF enforces atomic values and removes repeating groups.,1,2025-12-20T00:00:00Z,active
01KCXGG0TA0001H0Q1FW23F3VG,01KCXGG0TB0001H0Q1FW24VFS0,Which index structure is commonly used to speed up range queries?,Databases,B-trees support ordered traversal for ranges.,1,2025-12-20T00:00:00Z,active
01KCXGG0TA0001H0Q1FW23F3VG,01KCXGG0TC0001H0Q1FW24X5FR,"In supervised learning, the model is trained using:",Artificial Intelligence,Supervised learning uses labeled examples.,1,2025-12-20T00:00:00Z,active
01KCXGG0TA0001H0Q1FW23F3VG,01KCXGG0TC0001H0Q1FW24YT78,Which metric is commonly used for classification accuracy?,Artificial Intelligence,Accuracy measures correct predictions / total.,1,2025-12-20T00:00:00Z,active
01KCXGG0TA0001H0Q1FW23F3VG,01KCXGG0TC0001H0Q1FW250FY0,"If all A are B, and all B are C, then:",Logic & Reasoning,Transitive property: A ⊆ B and B ⊆ C implies A ⊆ C.,1,2025-12-20T00:00:00Z,active
01KCXGG0TA0001H0Q1FW23F3VG,01KCXGG0TC0001H0Q1FW2525MR,"A statement is TRUE, and its negation is:",Logic & Reasoning,Negation of a true statement is false.,1,2025-12-20T00:00:00Z,active
01KCXGG0TC0001H0Q1FW253NG0,01KCXGG0TC0001H0Q1FW253WAR,Solve: 2(x − 4) = 10,Mathematics,2x−8=10 → 2x=18 → x=9.,1,2025-12-20T00:00:00Z,active
01KCXGG0TC0001H0Q1FW253NG0,01KCXGG0TC0001H0Q1FW255H28,What is the value of (3/4) ÷ (2/3)?,Mathematics,Divide by a fraction → multiply by its reciprocal: (3/4)*(3/2)=9/8.,1,2025-12-20T00:00:00Z,active
01KCXGG0TC0001H0Q1FW253NG0,01KCXGG0TC0001H0Q1FW2576S0,If log10(1000)=?,Mathematics,10^3=1000 so log10(1000)=3.,1,2025-12-20T00:00:00Z,active
01KCXGG0TC0001H0Q1FW253NG0,01KCXGG0TC0001H0Q1FW258XF0,Which is the solution set of x^2 = 16?,Mathematics,Both 4 and -4 square to 16.,1,2025-12-20T00:00:00Z,active
01KCXGG0TC0001H0Q1FW253NG0,01KCXGG0TC0001H0Q1FW25AK5R,"What is the next number in the sequence: 2, 6, 18, 54, ... ?",Mathematics,Each term ×3 → 54×3=162.,1,2025-12-20T00:00:00Z,active
01KCXGG0TC0001H0Q1FW253NG0,01KCXGG0TC0001H0Q1FW25C7X8,Derivative of 5x (with respect to x) is:,Mathematics,d/dx(5x)=5.,1,2025-12-20T00:00:00Z,active
01KCXGG0TC0001H0Q1FW253NG0,01KCXGG0TC0001H0Q1FW25DXM0,"If a right triangle has legs 6 and 8, its hypotenuse is:",Mathematics,Pythagorean theorem: sqrt(36+64)=sqrt(100)=10.,1,2025-12-20T00:00:00Z,active
01KCXGG0TC0001H0Q1FW253NG0,01KCXGG0TC0001H0Q1FW25FKAR,Convert 0.3 repeating (0.333...) to a fraction:,Mathematics,0.333... = 1/3.,1,2025-12-20T00:00:00Z,active
01KCXGG0TC0001H0Q1FW253NG0,01KCXGG0TC0001H0Q1FW25KGAR,Which concept best describes a function calling itself?,Computer Science,Recursion is self-calling.,1,2025-12-20T00:00:00Z,active
01KCXGG0TC0001H0Q1FW253NG0,01KCXGG0TC0001H0Q1FW25N800,"In Big-O, which grows fastest as n increases?",Computer Science,"n^2 grows faster than n, log n, or constant.",1,2025-12-20T00:00:00Z,active
01KCXGG0TC0001H0Q1FW253NG0,01KCXGG0TC0001H0Q1FW25PYP0,What is the output of: 'hello'[1:4] in Python?,Computer Science,Slice from index 1 to 3 → 'ell'.,1,2025-12-20T00:00:00Z,active
01KCXGG0TC0001H0Q1FW253NG0,01KCXGG0TC0001H0Q1FW25RMCR,Which structure is best for fast membership checks (average case) in Python?,Computer Science,Sets are hash-based → average O(1) membership.,1,2025-12-20T00:00:00Z,active
01KCXGG0TC0001H0Q1FW253NG0,01KCXGG0TC0001H0Q1FW25TA3G,A bug that appears only under specific timing/concurrency is often called:,Computer Science,Race conditions depend on timing.,1,2025-12-20T00:00:00Z,active
01KCXGG0TC0001H0Q1FW253NG0,01KCXGG0TD0001H0Q1FW25VZT8,Which algorithmic technique is used by merge sort?,Computer Science,Merge sort splits and merges (divide and conquer).,1,2025-12-20T00:00:00Z,active
01KCXGG0TC0001H0Q1FW253NG0,01KCXGG0TD0001H0Q1FW25XNH0,"In OOP, encapsulation primarily means:",Computer Science,Encapsulation hides internal state via interfaces/access control.,1,2025-12-20T00:00:00Z,active
01KCXGG0TC0001H0Q1FW253NG0,01KCXGG0TD0001H0Q1FW25ZB7R,Which is a typical use of a hash function in data structures?,Computer Science,Hash maps use hashes to locate buckets.,1,2025-12-20T00:00:00Z,active
01KCXGG0TC0001H0Q1FW253NG0,01KCXGG0TD0001H0Q1FW2614VG,"In A/B testing, the 'control' group is:",Data & Analytics,Control is the baseline condition.,1,2025-12-20T00:00:00Z,active
01KCXGG0TC0001H0Q1FW253NG0,01KCXGG0TD0001H0Q1FW262SK0,Which plot is best to visualize the relationship between two numerical variables?,Data & Analytics,Scatter plots show pairs of numeric values.,1,2025-12-20T00:00:00Z,active
01KCXGG0TC0001H0Q1FW253NG0,01KCXGG0TD0001H0Q1FW264F9R,"If a model has high bias, it is likely:",Data & Analytics,High bias often means underfitting.,1,2025-12-20T00:00:00Z,active
01KCXGG0TC0001H0Q1FW253NG0,01KCXGG0TD0001H0Q1FW26650G,Standard deviation measures:,Data & Analytics,It quantifies dispersion around the mean.,1,2025-12-20T00:00:00Z,active
01KCXGG0TC0001H0Q1FW253NG0,01KCXGG0TD0001H0Q1FW267SR0,A confusion matrix is used for:,Data & Analytics,Confusion matrices summarize classification outcomes.,1,2025-12-20T00:00:00Z,active
01KCXGG0TC0001H0Q1FW253NG0,01KCXGG0TD0001H0Q1FW269FER,Which is an example of data leakage?,Data & Analytics,Leakage uses info unavailable at prediction time.,1,2025-12-20T00:00:00Z,active
01KCXGG0TC0001H0Q1FW253NG0,01KCXGG0TD0001H0Q1FW26BA1R,What does HAVING do in SQL?,Databases,HAVING filters after GROUP BY/aggregates.,1,2025-12-20T00:00:00Z,active
01KCXGG0TC0001H0Q1FW253NG0,01KCXGG0TD0001H0Q1FW26CZRG,Which join returns only matching rows from both tables?,Databases,INNER JOIN keeps matches only.,1,2025-12-20T00:00:00Z,active
01KCXGG0TC0001H0Q1FW253NG0,01KCXGG0TD0001H0Q1FW26ENF8,"In a relational model, a foreign key primarily enforces:",Databases,Foreign keys ensure references point to existing rows.,1,2025-12-20T00:00:00Z,active
01KCXGG0TC0001H0Q1FW253NG0,01KCXGG0TD0001H0Q1FW26GA6R,Which command changes existing data in a table?,Databases,UPDATE modifies existing rows.,1,2025-12-20T00:00:00Z,active
01KCXGG0TC0001H0Q1FW253NG0,01KCXGG0TD0001H0Q1FW26HZXG,A table with a composite primary key means the primary key is:,Databases,Composite key uses multiple columns together.,1,2025-12-20T00:00:00Z,active
01KCXGG0TC0001H0Q1FW253NG0,01KCXGG0TD0001H0Q1FW26KMN0,"In k-means clustering, k represents:",Artificial Intelligence,k is the number of clusters.,1,2025-12-20T00:00:00Z,active
01KCXGG0TC0001H0Q1FW253NG0,01KCXGG0TD0001H0Q1FW26N9CG,Overfitting in ML means the model:,Artificial Intelligence,Overfitting harms generalization.,1,2025-12-20T00:00:00Z,active
01KCXGG0TC0001H0Q1FW253NG0,01KCXGG0TD0001H0Q1FW26PX4R,"If statement P implies Q (P → Q) is false, then:",Logic & Reasoning,An implication is false only when P is true and Q is false.,1,2025-12-20T00:00:00Z,active
01KCXGG0TF0001H0Q1FW27Z94G,01KCXGG0TF0001H0Q1FW27ZFZ8,Choose the correct sentence.,Language & Communication,Adverbs modify verbs.,1,2025-12-20T00:00:00Z,active
01KCXGG0TF0001H0Q1FW27Z94G,01KCXGG0TF0001H0Q1FW281FEG,Which word is a noun?,Language & Communication,Happiness is a noun.,1,2025-12-20T00:00:00Z,active
01KCXGG0TF0001H0Q1FW27Z94G,01KCXGG0TF0001H0Q1FW283B0R,Select the correct preposition.,Language & Communication,Correct collocation.,1,2025-12-20T00:00:00Z,active
01KCXGG0TF0001H0Q1FW27Z94G,01KCXGG0TF0001H0Q1FW2852P0,Which sentence is grammatically correct?,Language & Communication,Neither is singular.,1,2025-12-20T00:00:00Z,active
01KCXGG0TF0001H0Q1FW27Z94G,01KCXGG0TF0001H0Q1FW286SC0,Main idea of a paragraph is:,Language & Communication,Main idea.,1,2025-12-20T00:00:00Z,active
01KCXGG0TF0001H0Q1FW27Z94G,01KCXGG0TF0001H0Q1FW288E3G,An inference is:,Language & Communication,Inference uses evidence.,1,2025-12-20T00:00:00Z,active
01KCXGG0TF0001H0Q1FW27Z94G,01KCXGG0TF0001H0Q1FW28A4SG,Which improves clarity?,Language & Communication,Avoid redundancy.,1,2025-12-20T00:00:00Z,active
01KCXGG0TF0001H0Q1FW27Z94G,01KCXGG0TF0001H0Q1FW28BSH0,Formal tone is best for:,Language & Communication,Formal writing.,1,2025-12-20T00:00:00Z,active
01KCXGG0TF0001H0Q1FW27Z94G,01KCXGG0TF0001H0Q1FW28DE8G,Choose the correct sentence.,Language & Communication,Adverbs modify verbs.,1,2025-12-20T00:00:00Z,active
01KCXGG0TF0001H0Q1FW27Z94G,01KCXGG0TF0001H0Q1FW28FAT0,Which word is a noun?,Language & Communication,Happiness is a noun.,1,2025-12-20T00:00:00Z,active
01KCXGG0TF0001H0Q1FW27Z94G,01KCXGG0TF0001H0Q1FW28GYJ8,Select the correct preposition.,Language & Communication,Correct collocation.,1,2025-12-20T00:00:00Z,active
01KCXGG0TF0001H0Q1FW27Z94G,01KCXGG0TF0001H0Q1FW28JK9R,Which sentence is grammatically correct?,Language & Communication,Neither is singular.,1,2025-12-20T00:00:00Z,active
01KCXGG0TF0001H0Q1FW27Z94G,01KCXGG0TF0001H0Q1FW28M818,Main idea of a paragraph is:,Language & Communication,Main idea.,1,2025-12-20T00:00:00Z,active
01KCXGG0TF0001H0Q1FW27Z94G,01KCXGG0TF0001H0Q1FW28NVSG,An inference is:,Language & Communication,Inference uses evidence.,1,2025-12-20T00:00:00Z,active
01KCXGG0TF0001H0Q1FW27Z94G,01KCXGG0TG0001H0Q1FW28QQBR,Which improves clarity?,Language & Communication,Avoid redundancy.,1,2025-12-20T00:00:00Z,active
01KCXGG0TF0001H0Q1FW27Z94G,01KCXGG0TG0001H0Q1FW28SMWG,Formal tone is best for:,Language & Communication,Formal writing.,1,2025-12-20T00:00:00Z,active
01KCXGG0TF0001H0Q1FW27Z94G,01KCXGG0TG0001H0Q1FW28V8MR,Choose the correct sentence.,Language & Communication,Adverbs modify verbs.,1,2025-12-20T00:00:00Z,active
01KCXGG0TF0001H0Q1FW27Z94G,01KCXGG0TG0001H0Q1FW28WXC8,Which word is a noun?,Language & Communication,Happiness is a noun.,1,2025-12-20T00:00:00Z,active
01KCXGG0TF0001H0Q1FW27Z94G,01KCXGG0TG0001H0Q1FW28YH4G,Select the correct preposition.,Language & Communication,Correct collocation.,1,2025-12-20T00:00:00Z,active
01KCXGG0TF0001H0Q1FW27Z94G,01KCXGG0TG0001H0Q1FW2905W0,Which sentence is grammatically correct?,Language & Communication,Neither is singular.,1,2025-12-20T00:00:00Z,active
01KCXGG0TF0001H0Q1FW27Z94G,01KCXGG0TG0001H0Q1FW291SM8,Main idea of a paragraph is:,Language & Communication,Main idea.,1,2025-12-20T00:00:00Z,active
01KCXGG0TF0001H0Q1FW27Z94G,01KCXGG0TG0001H0Q1FW294DKR,An inference is:,Language & Communication,Inference uses evidence.,1,2025-12-20T00:00:00Z,active
01KCXGG0TF0001H0Q1FW27Z94G,01KCXGG0TG0001H0Q1FW296B4G,Which improves clarity?,Language & Communication,Avoid redundancy.,1,2025-12-20T00:00:00Z,active
01KCXGG0TF0001H0Q1FW27Z94G,01KCXGG0TG0001H0Q1FW297ZW0,Formal tone is best for:,Language & Communication,Formal writing.,1,2025-12-20T00:00:00Z,active
01KCXGG0TF0001H0Q1FW27Z94G,01KCXGG0TG0001H0Q1FW299KM8,Choose the correct sentence.,Language & Communication,Adverbs modify verbs.,1,2025-12-20T00:00:00Z,active
01KCXGG0TF0001H0Q1FW27Z94G,01KCXGG0TG0001H0Q1FW29B8BR,Which word is a noun?,Language & Communication,Happiness is a noun.,1,2025-12-20T00:00:00Z,active
01KCXGG0TF0001H0Q1FW27Z94G,01KCXGG0TG0001H0Q1FW29D3Y0,Select the correct preposition.,Language & Communication,Correct collocation.,1,2025-12-20T00:00:00Z,active
01KCXGG0TF0001H0Q1FW27Z94G,01KCXGG0TG0001H0Q1FW29H3VR,Which sentence is grammatically correct?,Language & Communication,Neither is singular.,1,2025-12-20T00:00:00Z,active
01KCXGG0TF0001H0Q1FW27Z94G,01KCXGG0TG0001H0Q1FW29KB50,Main idea of a paragraph is:,Language & Communication,Main idea.,1,2025-12-20T00:00:00Z,active
01KCXGG0TF0001H0Q1FW27Z94G,01KCXGG0TG0001H0Q1FW29N9N0,An inference is:,Language & Communication,Inference uses evidence.,1,2025-12-20T00:00:00Z,active
01KCXGG0TF0001H0Q1FW27Z94G,01KCXGG0TH0001H0Q1FW29Q0B0,Which improves clarity?,Language & Communication,Avoid redundancy.,1,2025-12-20T00:00:00Z,active
01KCXGG0TF0001H0Q1FW27Z94G,01KCXGG0TH0001H0Q1FW29RQ10,Formal tone is best for:,Language & Communication,Formal writing.,1,2025-12-20T00:00:00Z,active
01KCXGG0TH0001H0Q1FW29T6W8,01KCXGG0TH0001H0Q1FW29TDQ0,Choose the correct sentence.,Language & Communication,Adverbs modify verbs.,1,2025-12-20T00:00:00Z,active
01KCXGG0TH0001H0Q1FW29T6W8,01KCXGG0TH0001H0Q1FW29W3DR,Which word is a noun?,Language & Communication,Happiness is a noun.,1,2025-12-20T00:00:00Z,active
01KCXGG0TH0001H0Q1FW29T6W8,01KCXGG0TH0001H0Q1FW29XR58,Select the correct preposition.,Language & Communication,Correct collocation.,1,2025-12-20T00:00:00Z,active
01KCXGG0TH0001H0Q1FW29T6W8,01KCXGG0TH0001H0Q1FW29ZDW0,Which sentence is grammatically correct?,Language & Communication,Neither is singular.,1,2025-12-20T00:00:00Z,active
01KCXGG0TH0001H0Q1FW29T6W8,01KCXGG0TH0001H0Q1FW2A12KG,Main idea of a paragraph is:,Language & Communication,Main idea.,1,2025-12-20T00:00:00Z,active
01KCXGG0TH0001H0Q1FW29T6W8,01KCXGG0TH0001H0Q1FW2A2QB0,An inference is:,Language & Communication,Inference uses evidence.,1,2025-12-20T00:00:00Z,active
01KCXGG0TH0001H0Q1FW29T6W8,01KCXGG0TH0001H0Q1FW2A4C2G,Which improves clarity?,Language & Communication,Avoid redundancy.,1,2025-12-20T00:00:00Z,active
01KCXGG0TH0001H0Q1FW29T6W8,01KCXGG0TH0001H0Q1FW2A60T0,Formal tone is best for:,Language & Communication,Formal writing.,1,2025-12-20T00:00:00Z,active
01KCXGG0TH0001H0Q1FW29T6W8,01KCXGG0TH0001H0Q1FW2A7NHG,Choose the correct sentence.,Language & Communication,Adverbs modify verbs.,1,2025-12-20T00:00:00Z,active
01KCXGG0TH0001H0Q1FW29T6W8,01KCXGG0TH0001H0Q1FW2A9A90,Which word is a noun?,Language & Communication,Happiness is a noun.,1,2025-12-20T00:00:00Z,active
01KCXGG0TH0001H0Q1FW29T6W8,01KCXGG0TH0001H0Q1FW2AAY18,Select the correct preposition.,Language & Communication,Correct collocation.,1,2025-12-20T00:00:00Z,active
01KCXGG0TH0001H0Q1FW29T6W8,01KCXGG0TH0001H0Q1FW2ACJRR,Which sentence is grammatically correct?,Language & Communication,Neither is singular.,1,2025-12-20T00:00:00Z,active
01KCXGG0TH0001H0Q1FW29T6W8,01KCXGG0TH0001H0Q1FW2AECCG,Main idea of a paragraph is:,Language & Communication,Main idea.,1,2025-12-20T00:00:00Z,active
01KCXGG0TH0001H0Q1FW29T6W8,01KCXGG0TH0001H0Q1FW2AG140,An inference is:,Language & Communication,Inference uses evidence.,1,2025-12-20T00:00:00Z,active
01KCXGG0TH0001H0Q1FW29T6W8,01KCXGG0TH0001H0Q1FW2AHNVG,Which improves clarity?,Language & Communication,Avoid redundancy.,1,2025-12-20T00:00:00Z,active
01KCXGG0TH0001H0Q1FW29T6W8,01KCXGG0TH0001H0Q1FW2AKAK0,Formal tone is best for:,Language & Communication,Formal writing.,1,2025-12-20T00:00:00Z,active
01KCXGG0TH0001H0Q1FW29T6W8,01KCXGG0TJ0001H0Q1FW2AMYB8,Choose the correct sentence.,Language & Communication,Adverbs modify verbs.,1,2025-12-20T00:00:00Z,active
01KCXGG0TH0001H0Q1FW29T6W8,01KCXGG0TJ0001H0Q1FW2APP0G,Which word is a noun?,Language & Communication,Happiness is a noun.,1,2025-12-20T00:00:00Z,active
01KCXGG0TH0001H0Q1FW29T6W8,01KCXGG0TJ0001H0Q1FW2ARBQ8,Select the correct preposition.,Language & Communication,Correct collocation.,1,2025-12-20T00:00:00Z,active
01KCXGG0TH0001H0Q1FW29T6W8,01KCXGG0TJ0001H0Q1FW2ASZFG,Which sentence is grammatically correct?,Language & Communication,Neither is singular.,1,2025-12-20T00:00:00Z,active
01KCXGG0TH0001H0Q1FW29T6W8,01KCXGG0TJ0001H0Q1FW2AVM70,Main idea of a paragraph is:,Language & Communication,Main idea.,1,2025-12-20T00:00:00Z,active
01KCXGG0TH0001H0Q1FW29T6W8,01KCXGG0TJ0001H0Q1FW2AX7Z8,An inference is:,Language & Communication,Inference uses evidence.,1,2025-12-20T00:00:00Z,active
01KCXGG0TH0001H0Q1FW29T6W8,01KCXGG0TJ0001H0Q1FW2B20A8,Which improves clarity?,Language & Communication,Avoid redundancy.,1,2025-12-20T00:00:00Z,active
01KCXGG0TH0001H0Q1FW29T6W8,01KCXGG0TJ0001H0Q1FW2B42Q8,Formal tone is best for:,Language & Communication,Formal writing.,1,2025-12-20T00:00:00Z,active
01KCXGG0TH0001H0Q1FW29T6W8,01KCXGG0TJ0001H0Q1FW2B5TCG,Choose the correct sentence.,Language & Communication,Adverbs modify verbs.,1,2025-12-20T00:00:00Z,active
01KCXGG0TH0001H0Q1FW29T6W8,01KCXGG0TJ0001H0Q1FW2B7F40,Which word is a noun?,Language & Communication,Happiness is a noun.,1,2025-12-20T00:00:00Z,active
01KCXGG0TH0001H0Q1FW29T6W8,01KCXGG0TJ0001H0Q1FW2B94TR,Select the correct preposition.,Language & Communication,Correct collocation.,1,2025-12-20T00:00:00Z,active
01KCXGG0TH0001H0Q1FW29T6W8,01KCXGG0TJ0001H0Q1FW2BAYEG,Which sentence is grammatically correct?,Language & Communication,Neither is singular.,1,2025-12-20T00:00:00Z,active
01KCXGG0TH0001H0Q1FW29T6W8,01KCXGG0TJ0001H0Q1FW2BCN4G,Main idea of a paragraph is:,Language & Communication,Main idea.,1,2025-12-20T00:00:00Z,active
01KCXGG0TH0001H0Q1FW29T6W8,01KCXGG0TJ0001H0Q1FW2BECSR,An inference is:,Language & Communication,Inference uses evidence.,1,2025-12-20T00:00:00Z,active
01KCXGG0TH0001H0Q1FW29T6W8,01KCXGG0TJ0001H0Q1FW2BG1H8,Which improves clarity?,Language & Communication,Avoid redundancy.,1,2025-12-20T00:00:00Z,active
01KCXGG0TH0001H0Q1FW29T6W8,01KCXGG0TJ0001H0Q1FW2BHN9G,Formal tone is best for:,Language & Communication,Formal writing.,1,2025-12-20T00:00:00Z,active
01KCXGG0TK0001H0Q1FW2BK82G,01KCXGG0TK0001H0Q1FW2BKDY0,Which is a key principle of public service?,Professional & Workplace,Public service principle.,1,2025-12-20T00:00:00Z,active
01KCXGG0TK0001H0Q1FW2BK82G,01KCXGG0TK0001H0Q1FW2BN1P8,A government budget primarily shows:,Professional & Workplace,Budget definition.,1,2025-12-20T00:00:00Z,active
01KCXGG0TK0001H0Q1FW2BK82G,01KCXGG0TK0001H0Q1FW2BPNEG,What is the main role of a project charter?,Professional & Workplace,Project charter.,1,2025-12-20T00:00:00Z,active
01KCXGG0TK0001H0Q1FW2BK82G,01KCXGG0TK0001H0Q1FW2BRA60,Conflict of interest occurs when:,Professional & Workplace,Conflict definition.,1,2025-12-20T00:00:00Z,active
01KCXGG0TK0001H0Q1FW2BK82G,01KCXGG0TK0001H0Q1FW2BSXY8,Public accountability means:,Professional & Workplace,Accountability.,1,2025-12-20T00:00:00Z,active
01KCXGG0TK0001H0Q1FW2BK82G,01KCXGG0TK0001H0Q1FW2BVJNR,Risk management aims to:,Professional & Workplace,Risk mitigation.,1,2025-12-20T00:00:00Z,active
01KCXGG0TK0001H0Q1FW2BK82G,01KCXGG0TK0001H0Q1FW2BX6E0,KPIs are used to:,Professional & Workplace,Performance measurement.,1,2025-12-20T00:00:00Z,active
01KCXGG0TK0001H0Q1FW2BK82G,01KCXGG0TK0001H0Q1FW2BYV5G,Which leadership style enforces strict control?,Professional & Workplace,Autocratic leadership.,1,2025-12-20T00:00:00Z,active
01KCXGG0TK0001H0Q1FW2BK82G,01KCXGG0TK0001H0Q1FW2C0PQR,Which is a key principle of public service?,Professional & Workplace,Public service principle.,1,2025-12-20T00:00:00Z,active
01KCXGG0TK0001H0Q1FW2BK82G,01KCXGG0TK0001H0Q1FW2C2AG0,A government budget primarily shows:,Professional & Workplace,Budget definition.,1,2025-12-20T00:00:00Z,active
01KCXGG0TK0001H0Q1FW2BK82G,01KCXGG0TK0001H0Q1FW2C4628,What is the main role of a project charter?,Professional & Workplace,Project charter.,1,2025-12-20T00:00:00Z,active
01KCXGG0TK0001H0Q1FW2BK82G,01KCXGG0TK0001H0Q1FW2C5TSR,Conflict of interest occurs when:,Professional & Workplace,Conflict definition.,1,2025-12-20T00:00:00Z,active
01KCXGG0TK0001H0Q1FW2BK82G,01KCXGG0TK0001H0Q1FW2C7EJ0,Public accountability means:,Professional & Workplace,Accountability.,1,2025-12-20T00:00:00Z,active
01KCXGG0TK0001H0Q1FW2BK82G,01KCXGG0TK0001H0Q1FW2C92A8,Risk management aims to:,Professional & Workplace,Risk mitigation.,1,2025-12-20T00:00:00Z,active
01KCXGG0TK0001H0Q1FW2BK82G,01KCXGG0TK0001H0Q1FW2CAQ1R,KPIs are used to:,Professional & Workplace,Performance measurement.,1,2025-12-20T00:00:00Z,active
01KCXGG0TK0001H0Q1FW2BK82G,01KCXGG0TK0001H0Q1FW2CCBS8,Which leadership style enforces strict control?,Professional & Workplace,Autocratic leadership.,1,2025-12-20T00:00:00Z,active
01KCXGG0TK0001H0Q1FW2BK82G,01KCXGG0TK0001H0Q1FW2CDZHG,Which is a key principle of public service?,Professional & Workplace,Public service principle.,1,2025-12-20T00:00:00Z,active
01KCXGG0TK0001H0Q1FW2BK82G,01KCXGG0TK0001H0Q1FW2CFK9R,A government budget primarily shows:,Professional & Workplace,Budget definition.,1,2025-12-20T00:00:00Z,active
01KCXGG0TK0001H0Q1FW2BK82G,01KCXGG0TM0001H0Q1FW2CHAZ0,What is the main role of a project charter?,Professional & Workplace,Project charter.,1,2025-12-20T00:00:00Z,active
01KCXGG0TK0001H0Q1FW2BK82G,01KCXGG0TM0001H0Q1FW2CJZPG,Conflict of interest occurs when:,Professional & Workplace,Conflict definition.,1,2025-12-20T00:00:00Z,active
01KCXGG0TK0001H0Q1FW2BK82G,01KCXGG0TM0001H0Q1FW2CMKER,Public accountability means:,Professional & Workplace,Accountability.,1,2025-12-20T00:00:00Z,active
01KCXGG0TK0001H0Q1FW2BK82G,01KCXGG0TM0001H0Q1FW2CP868,Risk management aims to:,Professional & Workplace,Risk mitigation.,1,2025-12-20T00:00:00Z,active
01KCXGG0TK0001H0Q1FW2BK82G,01KCXGG0TM0001H0Q1FW2CQVYG,KPIs are used to:,Professional & Workplace,Performance measurement.,1,2025-12-20T00:00:00Z,active
01KCXGG0TK0001H0Q1FW2BK82G,01KCXGG0TM0001H0Q1FW2CSFPR,Which leadership style enforces strict control?,Professional & Workplace,Autocratic leadership.,1,2025-12-20T00:00:00Z,active
01KCXGG0TK0001H0Q1FW2BK82G,01KCXGG0TM0001H0Q1FW2CV3F0,Which is a key principle of public service?,Professional & Workplace,Public service principle.,1,2025-12-20T00:00:00Z,active
01KCXGG0TK0001H0Q1FW2BK82G,01KCXGG0TM0001H0Q1FW2CXGKR,A government budget primarily shows:,Professional & Workplace,Budget definition.,1,2025-12-20T00:00:00Z,active
01KCXGG0TK0001H0Q1FW2BK82G,01KCXGG0TM0001H0Q1FW2CZ6AG,What is the main role of a project charter?,Professional & Workplace,Project charter.,1,2025-12-20T00:00:00Z,active
01KCXGG0TK0001H0Q1FW2BK82G,01KCXGG0TM0001H0Q1FW2D0V20,Conflict of interest occurs when:,Professional & Workplace,Conflict definition.,1,2025-12-20T00:00:00Z,active
01KCXGG0TK0001H0Q1FW2BK82G,01KCXGG0TM0001H0Q1FW2D2ET8,Public accountability means:,Professional & Workplace,Accountability.,1,2025-12-20T00:00:00Z,active
01KCXGG0TK0001H0Q1FW2BK82G,01KCXGG0TM0001H0Q1FW2D43HR,Risk management aims to:,Professional & Workplace,Risk mitigation.,1,2025-12-20T00:00:00Z,active
01KCXGG0TK0001H0Q1FW2BK82G,01KCXGG0TM0001H0Q1FW2D5R98,KPIs are used to:,Professional & Workplace,Performance measurement.,1,2025-12-20T00:00:00Z,active
01KCXGG0TK0001H0Q1FW2BK82G,01KCXGG0TM0001H0Q1FW2D7D0R,Which leadership style enforces strict control?,Professional & Workplace,Autocratic leadership.,1,2025-12-20T00:00:00Z,active
01KCXGG0TM0001H0Q1FW2D8TXG,01KCXGG0TM0001H0Q1FW2D90S0,Which is a key principle of public service?,Professional & Workplace,Public service principle.,1,2025-12-20T00:00:00Z,active
01KCXGG0TM0001H0Q1FW2D8TXG,01KCXGG0TM0001H0Q1FW2DANGG,A government budget primarily shows:,Professional & Workplace,Budget definition.,1,2025-12-20T00:00:00Z,active
01KCXGG0TM0001H0Q1FW2D8TXG,01KCXGG0TM0001H0Q1FW2DCA80,What is the main role of a project charter?,Professional & Workplace,Project charter.,1,2025-12-20T00:00:00Z,active
01KCXGG0TM0001H0Q1FW2D8TXG,01KCXGG0TM0001H0Q1FW2DF158,Conflict of interest occurs when:,Professional & Workplace,Conflict definition.,1,2025-12-20T00:00:00Z,active
01KCXGG0TM0001H0Q1FW2D8TXG,01KCXGG0TN0001H0Q1FW2DGRTG,Public accountability means:,Professional & Workplace,Accountability.,1,2025-12-20T00:00:00Z,active
01KCXGG0TM0001H0Q1FW2D8TXG,01KCXGG0TN0001H0Q1FW2DJDJ0,Risk management aims to:,Professional & Workplace,Risk mitigation.,1,2025-12-20T00:00:00Z,active
01KCXGG0TM0001H0Q1FW2D8TXG,01KCXGG0TN0001H0Q1FW2DM66G,KPIs are used to:,Professional & Workplace,Performance measurement.,1,2025-12-20T00:00:00Z,active
01KCXGG0TM0001H0Q1FW2D8TXG,01KCXGG0TN0001H0Q1FW2DP0SG,Which leadership style enforces strict control?,Professional & Workplace,Autocratic leadership.,1,2025-12-20T00:00:00Z,active
01KCXGG0TM0001H0Q1FW2D8TXG,01KCXGG0TN0001H0Q1FW2DQNH0,Which is a key principle of public service?,Professional & Workplace,Public service principle.,1,2025-12-20T00:00:00Z,active
01KCXGG0TM0001H0Q1FW2D8TXG,01KCXGG0TN0001H0Q1FW2DS998,A government budget primarily shows:,Professional & Workplace,Budget definition.,1,2025-12-20T00:00:00Z,active
01KCXGG0TM0001H0Q1FW2D8TXG,01KCXGG0TN0001H0Q1FW2DTY0R,What is the main role of a project charter?,Professional & Workplace,Project charter.,1,2025-12-20T00:00:00Z,active
01KCXGG0TM0001H0Q1FW2D8TXG,01KCXGG0TN0001H0Q1FW2DWJR8,Conflict of interest occurs when:,Professional & Workplace,Conflict definition.,1,2025-12-20T00:00:00Z,active
01KCXGG0TM0001H0Q1FW2D8TXG,01KCXGG0TN0001H0Q1FW2DYADG,Public accountability means:,Professional & Workplace,Accountability.,1,2025-12-20T00:00:00Z,active
01KCXGG0TM0001H0Q1FW2D8TXG,01KCXGG0TN0001H0Q1FW2E0048,Risk management aims to:,Professional & Workplace,Risk mitigation.,1,2025-12-20T00:00:00Z,active
01KCXGG0TM0001H0Q1FW2D8TXG,01KCXGG0TN0001H0Q1FW2E1MVR,KPIs are used to:,Professional & Workplace,Performance measurement.,1,2025-12-20T00:00:00Z,active
01KCXGG0TM0001H0Q1FW2D8TXG,01KCXGG0TN0001H0Q1FW2E39K8,Which leadership style enforces strict control?,Professional & Workplace,Autocratic leadership.,1,2025-12-20T00:00:00Z,active
01KCXGG0TM0001H0Q1FW2D8TXG,01KCXGG0TN0001H0Q1FW2E4YAR,Which is a key principle of public service?,Professional & Workplace,Public service principle.,1,2025-12-20T00:00:00Z,active
01KCXGG0TM0001H0Q1FW2D8TXG,01KCXGG0TN0001H0Q1FW2E6K28,A government budget primarily shows:,Professional & Workplace,Budget definition.,1,2025-12-20T00:00:00Z,active
01KCXGG0TM0001H0Q1FW2D8TXG,01KCXGG0TN0001H0Q1FW2E87SR,What is the main role of a project charter?,Professional & Workplace,Project charter.,1,2025-12-20T00:00:00Z,active
01KCXGG0TM0001H0Q1FW2D8TXG,01KCXGG0TN0001H0Q1FW2E9WH8,Conflict of interest occurs when:,Professional & Workplace,Conflict definition.,1,2025-12-20T00:00:00Z,active
01KCXGG0TM0001H0Q1FW2D8TXG,01KCXGG0TN0001H0Q1FW2EBH8R,Public accountability means:,Professional & Workplace,Accountability.,1,2025-12-20T00:00:00Z,active
01KCXGG0TM0001H0Q1FW2D8TXG,01KCXGG0TN0001H0Q1FW2ED608,Risk management aims to:,Professional & Workplace,Risk mitigation.,1,2025-12-20T00:00:00Z,active
01KCXGG0TM0001H0Q1FW2D8TXG,01KCXGG0TP0001H0Q1FW2EEWP8,KPIs are used to:,Professional & Workplace,Performance measurement.,1,2025-12-20T00:00:00Z,active
01KCXGG0TM0001H0Q1FW2D8TXG,01KCXGG0TP0001H0Q1FW2EGMBG,Which leadership style enforces strict control?,Professional & Workplace,Autocratic leadership.,1,2025-12-20T00:00:00Z,active
01KCXGG0TM0001H0Q1FW2D8TXG,01KCXGG0TP0001H0Q1FW2EJ83R,Which is a key principle of public service?,Professional & Workplace,Public service principle.,1,2025-12-20T00:00:00Z,active
01KCXGG0TM0001H0Q1FW2D8TXG,01KCXGG0TP0001H0Q1FW2EKVW0,A government budget primarily shows:,Professional & Workplace,Budget definition.,1,2025-12-20T00:00:00Z,active
01KCXGG0TM0001H0Q1FW2D8TXG,01KCXGG0TP0001H0Q1FW2ENGKG,What is the main role of a project charter?,Professional & Workplace,Project charter.,1,2025-12-20T00:00:00Z,active
01KCXGG0TM0001H0Q1FW2D8TXG,01KCXGG0TP0001H0Q1FW2EQ5B0,Conflict of interest occurs when:,Professional & Workplace,Conflict definition.,1,2025-12-20T00:00:00Z,active
01KCXGG0TM0001H0Q1FW2D8TXG,01KCXGG0TP0001H0Q1FW2ERT2G,Public accountability means:,Professional & Workplace,Accountability.,1,2025-12-20T00:00:00Z,active
01KCXGG0TM0001H0Q1FW2D8TXG,01KCXGG0TP0001H0Q1FW2ETDTR,Risk management aims to:,Professional & Workplace,Risk mitigation.,1,2025-12-20T00:00:00Z,active
01KCXGG0TM0001H0Q1FW2D8TXG,01KCXGG0TP0001H0Q1FW2EW2J8,KPIs are used to:,Professional & Workplace,Performance measurement.,1,2025-12-20T00:00:00Z,active
01KCXGG0TM0001H0Q1FW2D8TXG,01KCXGG0TP0001H0Q1FW2EXQ9R,Which leadership style enforces strict control?,Professional & Workplace,Autocratic leadership.,1,2025-12-20T00:00:00Z,active
01KCXGG0TP0001H0Q1FW2EZ65R,01KCXGG0TP0001H0Q1FW2EZC18,What does TCP/IP primarily support?,IT & Technical Infrastructure,TCP/IP.,1,2025-12-20T00:00:00Z,active
01KCXGG0TP0001H0Q1FW2EZ65R,01KCXGG0TP0001H0Q1FW2F10RR,Firewall is used to:,IT & Technical Infrastructure,Firewall role.,1,2025-12-20T00:00:00Z,active
01KCXGG0TP0001H0Q1FW2EZ65R,01KCXGG0TP0001H0Q1FW2F2NG8,CI/CD mainly improves:,IT & Technical Infrastructure,CI/CD.,1,2025-12-20T00:00:00Z,active
01KCXGG0TP0001H0Q1FW2EZ65R,01KCXGG0TP0001H0Q1FW2F4A7R,Containerization helps by:,IT & Technical Infrastructure,Containers.,1,2025-12-20T00:00:00Z,active
01KCXGG0TP0001H0Q1FW2EZ65R,01KCXGG0TP0001H0Q1FW2F5Y00,Cloud computing allows:,IT & Technical Infrastructure,Cloud.,1,2025-12-20T00:00:00Z,active
01KCXGG0TP0001H0Q1FW2EZ65R,01KCXGG0TP0001H0Q1FW2F7JQG,VPN is mainly for:,IT & Technical Infrastructure,VPN.,1,2025-12-20T00:00:00Z,active
01KCXGG0TP0001H0Q1FW2EZ65R,01KCXGG0TP0001H0Q1FW2F9E9R,Load balancer distributes:,IT & Technical Infrastructure,Load balancing.,1,2025-12-20T00:00:00Z,active
01KCXGG0TP0001H0Q1FW2EZ65R,01KCXGG0TP0001H0Q1FW2FB318,DevOps emphasizes:,IT & Technical Infrastructure,DevOps.,1,2025-12-20T00:00:00Z,active
01KCXGG0TP0001H0Q1FW2EZ65R,01KCXGG0TQ0001H0Q1FW2FCQRR,What does TCP/IP primarily support?,IT & Technical Infrastructure,TCP/IP.,1,2025-12-20T00:00:00Z,active
01KCXGG0TP0001H0Q1FW2EZ65R,01KCXGG0TQ0001H0Q1FW2FEBH0,Firewall is used to:,IT & Technical Infrastructure,Firewall role.,1,2025-12-20T00:00:00Z,active
01KCXGG0TP0001H0Q1FW2EZ65R,01KCXGG0TQ0001H0Q1FW2FG08G,CI/CD mainly improves:,IT & Technical Infrastructure,CI/CD.,1,2025-12-20T00:00:00Z,active
01KCXGG0TP0001H0Q1FW2EZ65R,01KCXGG0TQ0001H0Q1FW2FHM0R,Containerization helps by:,IT & Technical Infrastructure,Containers.,1,2025-12-20T00:00:00Z,active
01KCXGG0TP0001H0Q1FW2EZ65R,01KCXGG0TQ0001H0Q1FW2FK8R8,Cloud computing allows:,IT & Technical Infrastructure,Cloud.,1,2025-12-20T00:00:00Z,active
01KCXGG0TP0001H0Q1FW2EZ65R,01KCXGG0TQ0001H0Q1FW2FMXFR,VPN is mainly for:,IT & Technical Infrastructure,VPN.,1,2025-12-20T00:00:00Z,active
01KCXGG0TP0001H0Q1FW2EZ65R,01KCXGG0TQ0001H0Q1FW2FPJ78,Load balancer distributes:,IT & Technical Infrastructure,Load balancing.,1,2025-12-20T00:00:00Z,active
01KCXGG0TP0001H0Q1FW2EZ65R,01KCXGG0TQ0001H0Q1FW2FR6YR,DevOps emphasizes:,IT & Technical Infrastructure,DevOps.,1,2025-12-20T00:00:00Z,active
01KCXGG0TP0001H0Q1FW2EZ65R,01KCXGG0TQ0001H0Q1FW2FT4FG,What does TCP/IP primarily support?,IT & Technical Infrastructure,TCP/IP.,1,2025-12-20T00:00:00Z,active
01KCXGG0TP0001H0Q1FW2EZ65R,01KCXGG0TQ0001H0Q1FW2FVS70,Firewall is used to:,IT & Technical Infrastructure,Firewall role.,1,2025-12-20T00:00:00Z,active
01KCXGG0TP0001H0Q1FW2EZ65R,01KCXGG0TQ0001H0Q1FW2FXDYG,CI/CD mainly improves:,IT & Technical Infrastructure,CI/CD.,1,2025-12-20T00:00:00Z,active
01KCXGG0TP0001H0Q1FW2EZ65R,01KCXGG0TQ0001H0Q1FW2FZ2P0,Containerization helps by:,IT & Technical Infrastructure,Containers.,1,2025-12-20T00:00:00Z,active
01KCXGG0TP0001H0Q1FW2EZ65R,01KCXGG0TQ0001H0Q1FW2G0PE8,Cloud computing allows:,IT & Technical Infrastructure,Cloud.,1,2025-12-20T00:00:00Z,active
01KCXGG0TP0001H0Q1FW2EZ65R,01KCXGG0TQ0001H0Q1FW2G2G20,VPN is mainly for:,IT & Technical Infrastructure,VPN.,1,2025-12-20T00:00:00Z,active
01KCXGG0TP0001H0Q1FW2EZ65R,01KCXGG0TQ0001H0Q1FW2G43T8,Load balancer distributes:,IT & Technical Infrastructure,Load balancing.,1,2025-12-20T00:00:00Z,active
01KCXGG0TP0001H0Q1FW2EZ65R,01KCXGG0TQ0001H0Q1FW2G5RHR,DevOps emphasizes:,IT & Technical Infrastructure,DevOps.,1,2025-12-20T00:00:00Z,active
01KCXGG0TP0001H0Q1FW2EZ65R,01KCXGG0TQ0001H0Q1FW2G7CA0,What does TCP/IP primarily support?,IT & Technical Infrastructure,TCP/IP.,1,2025-12-20T00:00:00Z,active
01KCXGG0TP0001H0Q1FW2EZ65R,01KCXGG0TQ0001H0Q1FW2G911G,Firewall is used to:,IT & Technical Infrastructure,Firewall role.,1,2025-12-20T00:00:00Z,active
01KCXGG0TP0001H0Q1FW2EZ65R,01KCXGG0TQ0001H0Q1FW2GAMSR,CI/CD mainly improves:,IT & Technical Infrastructure,CI/CD.,1,2025-12-20T00:00:00Z,active
01KCXGG0TP0001H0Q1FW2EZ65R,01KCXGG0TR0001H0Q1FW2GC8J0,Containerization helps by:,IT & Technical Infrastructure,Containers.,1,2025-12-20T00:00:00Z,active
01KCXGG0TP0001H0Q1FW2EZ65R,01KCXGG0TR0001H0Q1FW2GDX9G,Cloud computing allows:,IT & Technical Infrastructure,Cloud.,1,2025-12-20T00:00:00Z,active
01KCXGG0TP0001H0Q1FW2EZ65R,01KCXGG0TR0001H0Q1FW2GFJ10,VPN is mainly for:,IT & Technical Infrastructure,VPN.,1,2025-12-20T00:00:00Z,active
01KCXGG0TP0001H0Q1FW2EZ65R,01KCXGG0TR0001H0Q1FW2GH5S8,Load balancer distributes:,IT & Technical Infrastructure,Load balancing.,1,2025-12-20T00:00:00Z,active
01KCXGG0TP0001H0Q1FW2EZ65R,01KCXGG0TR0001H0Q1FW2GKA4R,DevOps emphasizes:,IT & Technical Infrastructure,DevOps.,1,2025-12-20T00:00:00Z,active
01KCXGG0TR0001H0Q1FW2GMS0R,01KCXGG0TR0001H0Q1FW2GMYW8,What does TCP/IP primarily support?,IT & Technical Infrastructure,TCP/IP.,1,2025-12-20T00:00:00Z,active
01KCXGG0TR0001H0Q1FW2GMS0R,01KCXGG0TR0001H0Q1FW2GPKKR,Firewall is used to:,IT & Technical Infrastructure,Firewall role.,1,2025-12-20T00:00:00Z,active
01KCXGG0TR0001H0Q1FW2GMS0R,01KCXGG0TR0001H0Q1FW2GRB90,CI/CD mainly improves:,IT & Technical Infrastructure,CI/CD.,1,2025-12-20T00:00:00Z,active
01KCXGG0TR0001H0Q1FW2GMS0R,01KCXGG0TR0001H0Q1FW2GT00G,Containerization helps by:,IT & Technical Infrastructure,Containers.,1,2025-12-20T00:00:00Z,active
01KCXGG0TR0001H0Q1FW2GMS0R,01KCXGG0TR0001H0Q1FW2GVTKG,Cloud computing allows:,IT & Technical Infrastructure,Cloud.,1,2025-12-20T00:00:00Z,active
01KCXGG0TR0001H0Q1FW2GMS0R,01KCXGG0TR0001H0Q1FW2GXEBR,VPN is mainly for:,IT & Technical Infrastructure,VPN.,1,2025-12-20T00:00:00Z,active
01KCXGG0TR0001H0Q1FW2GMS0R,01KCXGG0TR0001H0Q1FW2GZ51R,Load balancer distributes:,IT & Technical Infrastructure,Load balancing.,1,2025-12-20T00:00:00Z,active
01KCXGG0TR0001H0Q1FW2GMS0R,01KCXGG0TR0001H0Q1FW2H0SS8,DevOps emphasizes:,IT & Technical Infrastructure,DevOps.,1,2025-12-20T00:00:00Z,active
01KCXGG0TR0001H0Q1FW2GMS0R,01KCXGG0TR0001H0Q1FW2H2EGR,What does TCP/IP primarily support?,IT & Technical Infrastructure,TCP/IP.,1,2025-12-20T00:00:00Z,active
01KCXGG0TR0001H0Q1FW2GMS0R,01KCXGG0TR0001H0Q1FW2H4290,Firewall is used to:,IT & Technical Infrastructure,Firewall role.,1,2025-12-20T00:00:00Z,active
01KCXGG0TR0001H0Q1FW2GMS0R,01KCXGG0TR0001H0Q1FW2H5P18,CI/CD mainly improves:,IT & Technical Infrastructure,CI/CD.,1,2025-12-20T00:00:00Z,active
01KCXGG0TR0001H0Q1FW2GMS0R,01KCXGG0TR0001H0Q1FW2H79SG,Containerization helps by:,IT & Technical Infrastructure,Containers.,1,2025-12-20T00:00:00Z,active
01KCXGG0TR0001H0Q1FW2GMS0R,01KCXGG0TR0001H0Q1FW2H9B78,Cloud computing allows:,IT & Technical Infrastructure,Cloud.,1,2025-12-20T00:00:00Z,active
01KCXGG0TR0001H0Q1FW2GMS0R,01KCXGG0TS0001H0Q1FW2HAZYR,VPN is mainly for:,IT & Technical Infrastructure,VPN.,1,2025-12-20T00:00:00Z,active
01KCXGG0TR0001H0Q1FW2GMS0R,01KCXGG0TS0001H0Q1FW2HCKQ0,Load balancer distributes:,IT & Technical Infrastructure,Load balancing.,1,2025-12-20T00:00:00Z,active
01KCXGG0TR0001H0Q1FW2GMS0R,01KCXGG0TS0001H0Q1FW2HE8EG,DevOps emphasizes:,IT & Technical Infrastructure,DevOps.,1,2025-12-20T00:00:00Z,active
01KCXGG0TR0001H0Q1FW2GMS0R,01KCXGG0TS0001H0Q1FW2HG03R,What does TCP/IP primarily support?,IT & Technical Infrastructure,TCP/IP.,1,2025-12-20T00:00:00Z,active
01KCXGG0TR0001H0Q1FW2GMS0R,01KCXGG0TS0001H0Q1FW2HHQS0,Firewall is used to:,IT & Technical Infrastructure,Firewall role.,1,2025-12-20T00:00:00Z,active
01KCXGG0TR0001H0Q1FW2GMS0R,01KCXGG0TS0001H0Q1FW2HKGDG,CI/CD mainly improves:,IT & Technical Infrastructure,CI/CD.,1,2025-12-20T00:00:00Z,active
01KCXGG0TR0001H0Q1FW2GMS0R,01KCXGG0TS0001H0Q1FW2HN648,Containerization helps by:,IT & Technical Infrastructure,Containers.,1,2025-12-20T00:00:00Z,active
01KCXGG0TR0001H0Q1FW2GMS0R,01KCXGG0TS0001H0Q1FW2HPYRR,Cloud computing allows:,IT & Technical Infrastructure,Cloud.,1,2025-12-20T00:00:00Z,active
01KCXGG0TR0001H0Q1FW2GMS0R,01KCXGG0TS0001H0Q1FW2HS06G,VPN is mainly for:,IT & Technical Infrastructure,VPN.,1,2025-12-20T00:00:00Z,active
01KCXGG0TR0001H0Q1FW2GMS0R,01KCXGG0TS0001H0Q1FW2HTNX8,Load balancer distributes:,IT & Technical Infrastructure,Load balancing.,1,2025-12-20T00:00:00Z,active
01KCXGG0TR0001H0Q1FW2GMS0R,01KCXGG0TS0001H0Q1FW2HWAMR,DevOps emphasizes:,IT & Technical Infrastructure,DevOps.,1,2025-12-20T00:00:00Z,active
01KCXGG0TR0001H0Q1FW2GMS0R,01KCXGG0TS0001H0Q1FW2HXYD0,What does TCP/IP primarily support?,IT & Technical Infrastructure,TCP/IP.,1,2025-12-20T00:00:00Z,active
01KCXGG0TR0001H0Q1FW2GMS0R,01KCXGG0TS0001H0Q1FW2HZK4G,Firewall is used to:,IT & Technical Infrastructure,Firewall role.,1,2025-12-20T00:00:00Z,active
01KCXGG0TR0001H0Q1FW2GMS0R,01KCXGG0TS0001H0Q1FW2J1NHG,CI/CD mainly improves:,IT & Technical Infrastructure,CI/CD.,1,2025-12-20T00:00:00Z,active
01KCXGG0TR0001H0Q1FW2GMS0R,01KCXGG0TS0001H0Q1FW2J399R,Containerization helps by:,IT & Technical Infrastructure,Containers.,1,2025-12-20T00:00:00Z,active
01KCXGG0TR0001H0Q1FW2GMS0R,01KCXGG0TS0001H0Q1FW2J4X20,Cloud computing allows:,IT & Technical Infrastructure,Cloud.,1,2025-12-20T00:00:00Z,active
01KCXGG0TR0001H0Q1FW2GMS0R,01KCXGG0TS0001H0Q1FW2J6HSG,VPN is mainly for:,IT & Technical Infrastructure,VPN.,1,2025-12-20T00:00:00Z,active
01KCXGG0TR0001H0Q1FW2GMS0R,01KCXGG0TT0001H0Q1FW2J8DBR,Load balancer distributes:,IT & Technical Infrastructure,Load balancing.,1,2025-12-20T00:00:00Z,active
01KCXGG0TR0001H0Q1FW2GMS0R,01KCXGG0TT0001H0Q1FW2JA140,DevOps emphasizes:,IT & Technical Infrastructure,DevOps.,1,2025-12-20T00:00:00Z,active
01KCXGG0TT0001H0Q1FW2JBG00,01KCXGG0TT0001H0Q1FW2JBNVG,"If all officers are trained and some employees are officers, then:",General Reasoning & Digital Literacy,Logical inference.,1,2025-12-20T00:00:00Z,active
01KCXGG0TT0001H0Q1FW2JBG00,01KCXGG0TT0001H0Q1FW2JD9KR,"Which number completes the series: 5, 10, 20, 40, ?",General Reasoning & Digital Literacy,Series pattern.,1,2025-12-20T00:00:00Z,active
01KCXGG0TT0001H0Q1FW2JBG00,01KCXGG0TT0001H0Q1FW2JF37G,A website URL starting with https indicates:,General Reasoning & Digital Literacy,HTTPS.,1,2025-12-20T00:00:00Z,active
01KCXGG0TT0001H0Q1FW2JBG00,01KCXGG0TT0001H0Q1FW2JGSXG,Strong password should include:,General Reasoning & Digital Literacy,Password security.,1,2025-12-20T00:00:00Z,active
01KCXGG0TT0001H0Q1FW2JBG00,01KCXGG0TT0001H0Q1FW2JJEN0,Digital literacy mainly refers to:,General Reasoning & Digital Literacy,Digital literacy.,1,2025-12-20T00:00:00Z,active
01KCXGG0TT0001H0Q1FW2JBG00,01KCXGG0TT0001H0Q1FW2JM3CG,Phishing attempts usually aim to:,General Reasoning & Digital Literacy,Phishing.,1,2025-12-20T00:00:00Z,active
01KCXGG0TT0001H0Q1FW2JBG00,01KCXGG0TT0001H0Q1FW2JNQ4R,"If A is false and A OR B is true, then B is:",General Reasoning & Digital Literacy,Logic OR.,1,2025-12-20T00:00:00Z,active
01KCXGG0TT0001H0Q1FW2JBG00,01KCXGG0TT0001H0Q1FW2JQBW8,Two-factor authentication improves security by:,General Reasoning & Digital Literacy,2FA.,1,2025-12-20T00:00:00Z,active
01KCXGG0TT0001H0Q1FW2JBG00,01KCXGG0TT0001H0Q1FW2JS0KR,"If all officers are trained and some employees are officers, then:",General Reasoning & Digital Literacy,Logical inference.,1,2025-12-20T00:00:00Z,active
01KCXGG0TT0001H0Q1FW2JBG00,01KCXGG0TT0001H0Q1FW2JTMC0,"Which number completes the series: 5, 10, 20, 40, ?",General Reasoning & Digital Literacy,Series pattern.,1,2025-12-20T00:00:00Z,active
01KCXGG0TT0001H0Q1FW2JBG00,01KCXGG0TT0001H0Q1FW2JW848,A website URL starting with https indicates:,General Reasoning & Digital Literacy,HTTPS.,1,2025-12-20T00:00:00Z,active
01KCXGG0TT0001H0Q1FW2JBG00,01KCXGG0TT0001H0Q1FW2JXWVR,Strong password should include:,General Reasoning & Digital Literacy,Password security.,1,2025-12-20T00:00:00Z,active
01KCXGG0TT0001H0Q1FW2JBG00,01KCXGG0TT0001H0Q1FW2JZJJG,Digital literacy mainly refers to:,General Reasoning & Digital Literacy,Digital literacy.,1,2025-12-20T00:00:00Z,active
01KCXGG0TT0001H0Q1FW2JBG00,01KCXGG0TT0001H0Q1FW2K17A0,Phishing attempts usually aim to:,General Reasoning & Digital Literacy,Phishing.,1,2025-12-20T00:00:00Z,active
01KCXGG0TT0001H0Q1FW2JBG00,01KCXGG0TT0001H0Q1FW2K2W1G,"If A is false and A OR B is true, then B is:",General Reasoning & Digital Literacy,Logic OR.,1,2025-12-20T00:00:00Z,active
01KCXGG0TT0001H0Q1FW2JBG00,01KCXGG0TT0001H0Q1FW2K4FSR,Two-factor authentication improves security by:,General Reasoning & Digital Literacy,2FA.,1,2025-12-20T00:00:00Z,active
01KCXGG0TT0001H0Q1FW2JBG00,01KCXGG0TT0001H0Q1FW2K64H8,"If all officers are trained and some employees are officers, then:",General Reasoning & Digital Literacy,Logical inference.,1,2025-12-20T00:00:00Z,active
01KCXGG0TT0001H0Q1FW2JBG00,01KCXGG0TV0001H0Q1FW2K7X5R,"Which number completes the series: 5, 10, 20, 40, ?",General Reasoning & Digital Literacy,Series pattern.,1,2025-12-20T00:00:00Z,active
01KCXGG0TT0001H0Q1FW2JBG00,01KCXGG0TV0001H0Q1FW2K9KVR,A website URL starting with https indicates:,General Reasoning & Digital Literacy,HTTPS.,1,2025-12-20T00:00:00Z,active
01KCXGG0TT0001H0Q1FW2JBG00,01KCXGG0TV0001H0Q1FW2KB7M0,Strong password should include:,General Reasoning & Digital Literacy,Password security.,1,2025-12-20T00:00:00Z,active
01KCXGG0TT0001H0Q1FW2JBG00,01KCXGG0TV0001H0Q1FW2KCVC8,Digital literacy mainly refers to:,General Reasoning & Digital Literacy,Digital literacy.,1,2025-12-20T00:00:00Z,active
01KCXGG0TT0001H0Q1FW2JBG00,01KCXGG0TV0001H0Q1FW2KEJ28,Phishing attempts usually aim to:,General Reasoning & Digital Literacy,Phishing.,1,2025-12-20T00:00:00Z,active
01KCXGG0TT0001H0Q1FW2JBG00,01KCXGG0TV0001H0Q1FW2KG6SR,"If A is false and A OR B is true, then B is:",General Reasoning & Digital Literacy,Logic OR.,1,2025-12-20T00:00:00Z,active
01KCXGG0TT0001H0Q1FW2JBG00,01KCXGG0TV0001H0Q1FW2KHVH8,Two-factor authentication improves security by:,General Reasoning & Digital Literacy,2FA.,1,2025-12-20T00:00:00Z,active
01KCXGG0TT0001H0Q1FW2JBG00,01KCXGG0TV0001H0Q1FW2KKR2R,"If all officers are trained and some employees are officers, then:",General Reasoning & Digital Literacy,Logical inference.,1,2025-12-20T00:00:00Z,active
01KCXGG0TT0001H0Q1FW2JBG00,01KCXGG0TV0001H0Q1FW2KP1AG,"Which number completes the series: 5, 10, 20, 40, ?",General Reasoning & Digital Literacy,Series pattern.,1,2025-12-20T00:00:00Z,active
01KCXGG0TT0001H0Q1FW2JBG00,01KCXGG0TV0001H0Q1FW2KQRZR,A website URL starting with https indicates:,General Reasoning & Digital Literacy,HTTPS.,1,2025-12-20T00:00:00Z,active
01KCXGG0TT0001H0Q1FW2JBG00,01KCXGG0TV0001H0Q1FW2KSCR0,Strong password should include:,General Reasoning & Digital Literacy,Password security.,1,2025-12-20T00:00:00Z,active
01KCXGG0TT0001H0Q1FW2JBG00,01KCXGG0TV0001H0Q1FW2KV0G8,Digital literacy mainly refers to:,General Reasoning & Digital Literacy,Digital literacy.,1,2025-12-20T00:00:00Z,active
01KCXGG0TT0001H0Q1FW2JBG00,01KCXGG0TV0001H0Q1FW2KWN7R,Phishing attempts usually aim to:,General Reasoning & Digital Literacy,Phishing.,1,2025-12-20T00:00:00Z,active
01KCXGG0TT0001H0Q1FW2JBG00,01KCXGG0TV0001H0Q1FW2KY9Z8,"If A is false and A OR B is true, then B is:",General Reasoning & Digital Literacy,Logic OR.,1,2025-12-20T00:00:00Z,active
01KCXGG0TT0001H0Q1FW2JBG00,01KCXGG0TV0001H0Q1FW2KZXQG,Two-factor authentication improves security by:,General Reasoning & Digital Literacy,2FA.,1,2025-12-20T00:00:00Z,active
01KCXGG0TV0001H0Q1FW2M1CKG,01KCXGG0TV0001H0Q1FW2M1MDG,"If all officers are trained and some employees are officers, then:",General Reasoning & Digital Literacy,Logical inference.,1,2025-12-20T00:00:00Z,active
01KCXGG0TV0001H0Q1FW2M1CKG,01KCXGG0TV0001H0Q1FW2M3F0G,"Which number completes the series: 5, 10, 20, 40, ?",General Reasoning & Digital Literacy,Series pattern.,1,2025-12-20T00:00:00Z,active
01KCXGG0TV0001H0Q1FW2M1CKG,01KCXGG0TV0001H0Q1FW2M52RR,A website URL starting with https indicates:,General Reasoning & Digital Literacy,HTTPS.,1,2025-12-20T00:00:00Z,active
01KCXGG0TV0001H0Q1FW2M1CKG,01KCXGG0TW0001H0Q1FW2M6YB0,Strong password should include:,General Reasoning & Digital Literacy,Password security.,1,2025-12-20T00:00:00Z,active
01KCXGG0TV0001H0Q1FW2M1CKG,01KCXGG0TW0001H0Q1FW2M8J38,Digital literacy mainly refers to:,General Reasoning & Digital Literacy,Digital literacy.,1,2025-12-20T00:00:00Z,active
01KCXGG0TV0001H0Q1FW2M1CKG,01KCXGG0TW0001H0Q1FW2MA6TR,Phishing attempts usually aim to:,General Reasoning & Digital Literacy,Phishing.,1,2025-12-20T00:00:00Z,active
01KCXGG0TV0001H0Q1FW2M1CKG,01KCXGG0TW0001H0Q1FW2MBTK0,"If A is false and A OR B is true, then B is:",General Reasoning & Digital Literacy,Logic OR.,1,2025-12-20T00:00:00Z,active
01KCXGG0TV0001H0Q1FW2M1CKG,01KCXGG0TW0001H0Q1FW2MDFAG,Two-factor authentication improves security by:,General Reasoning & Digital Literacy,2FA.,1,2025-12-20T00:00:00Z,active
01KCXGG0TV0001H0Q1FW2M1CKG,01KCXGG0TW0001H0Q1FW2MF420,"If all officers are trained and some employees are officers, then:",General Reasoning & Digital Literacy,Logical inference.,1,2025-12-20T00:00:00Z,active
01KCXGG0TV0001H0Q1FW2M1CKG,01KCXGG0TW0001H0Q1FW2MGQT8,"Which number completes the series: 5, 10, 20, 40, ?",General Reasoning & Digital Literacy,Series pattern.,1,2025-12-20T00:00:00Z,active
01KCXGG0TV0001H0Q1FW2M1CKG,01KCXGG0TW0001H0Q1FW2MJFFG,A website URL starting with https indicates:,General Reasoning & Digital Literacy,HTTPS.,1,2025-12-20T00:00:00Z,active
01KCXGG0TV0001H0Q1FW2M1CKG,01KCXGG0TW0001H0Q1FW2MM37R,Strong password should include:,General Reasoning & Digital Literacy,Password security.,1,2025-12-20T00:00:00Z,active
01KCXGG0TV0001H0Q1FW2M1CKG,01KCXGG0TW0001H0Q1FW2MNQ00,Digital literacy mainly refers to:,General Reasoning & Digital Literacy,Digital literacy.,1,2025-12-20T00:00:00Z,active
01KCXGG0TV0001H0Q1FW2M1CKG,01KCXGG0TW0001H0Q1FW2MQBQG,Phishing attempts usually aim to:,General Reasoning & Digital Literacy,Phishing.,1,2025-12-20T00:00:00Z,active
01KCXGG0TV0001H0Q1FW2M1CKG,01KCXGG0TW0001H0Q1FW2MS79R,"If A is false and A OR B is true, then B is:",General Reasoning & Digital Literacy,Logic OR.,1,2025-12-20T00:00:00Z,active
01KCXGG0TV0001H0Q1FW2M1CKG,01KCXGG0TW0001H0Q1FW2MTYZ0,Two-factor authentication improves security by:,General Reasoning & Digital Literacy,2FA.,1,2025-12-20T00:00:00Z,active
01KCXGG0TV0001H0Q1FW2M1CKG,01KCXGG0TW0001H0Q1FW2MWWFR,"If all officers are trained and some employees are officers, then:",General Reasoning & Digital Literacy,Logical inference.,1,2025-12-20T00:00:00Z,active
01KCXGG0TV0001H0Q1FW2M1CKG,01KCXGG0TW0001H0Q1FW2MYG80,"Which number completes the series: 5, 10, 20, 40, ?",General Reasoning & Digital Literacy,Series pattern.,1,2025-12-20T00:00:00Z,active
01KCXGG0TV0001H0Q1FW2M1CKG,01KCXGG0TW0001H0Q1FW2N0NJR,A website URL starting with https indicates:,General Reasoning & Digital Literacy,HTTPS.,1,2025-12-20T00:00:00Z,active
01KCXGG0TV0001H0Q1FW2M1CKG,01KCXGG0TW0001H0Q1FW2N2D80,Strong password should include:,General Reasoning & Digital Literacy,Password security.,1,2025-12-20T00:00:00Z,active
01KCXGG0TV0001H0Q1FW2M1CKG,01KCXGG0TX0001H0Q1FW2N42YR,Digital literacy mainly refers to:,General Reasoning & Digital Literacy,Digital literacy.,1,2025-12-20T00:00:00Z,active
01KCXGG0TV0001H0Q1FW2M1CKG,01KCXGG0TX0001H0Q1FW2N5QP8,Phishing attempts usually aim to:,General Reasoning & Digital Literacy,Phishing.,1,2025-12-20T00:00:00Z,active
01KCXGG0TV0001H0Q1FW2M1CKG,01KCXGG0TX0001H0Q1FW2N7DD0,"If A is false and A OR B is true, then B is:",General Reasoning & Digital Literacy,Logic OR.,1,2025-12-20T00:00:00Z,active
01KCXGG0TV0001H0Q1FW2M1CKG,01KCXGG0TX0001H0Q1FW2N9158,Two-factor authentication improves security by:,General Reasoning & Digital Literacy,2FA.,1,2025-12-20T00:00:00Z,active
01KCXGG0TV0001H0Q1FW2M1CKG,01KCXGG0TX0001H0Q1FW2NAMXG,"If all officers are trained and some employees are officers, then:",General Reasoning & Digital Literacy,Logical inference.,1,2025-12-20T00:00:00Z,active
01KCXGG0TV0001H0Q1FW2M1CKG,01KCXGG0TX0001H0Q1FW2NC9N0,"Which number completes the series: 5, 10, 20, 40, ?",General Reasoning & Digital Literacy,Series pattern.,1,2025-12-20T00:00:00Z,active
01KCXGG0TV0001H0Q1FW2M1CKG,01KCXGG0TX0001H0Q1FW2NEGY8,A website URL starting with https indicates:,General Reasoning & Digital Literacy,HTTPS.,1,2025-12-20T00:00:00Z,active
01KCXGG0TV0001H0Q1FW2M1CKG,01KCXGG0TX0001H0Q1FW2NG4PG,Strong password should include:,General Reasoning & Digital Literacy,Password security.,1,2025-12-20T00:00:00Z,active
01KCXGG0TV0001H0Q1FW2M1CKG,01KCXGG0TX0001H0Q1FW2NHTD8,Digital literacy mainly refers to:,General Reasoning & Digital Literacy,Digital literacy.,1,2025-12-20T00:00:00Z,active
01KCXGG0TV0001H0Q1FW2M1CKG,01KCXGG0TX0001H0Q1FW2NKF4R,Phishing attempts usually aim to:,General Reasoning & Digital Literacy,Phishing.,1,2025-12-20T00:00:00Z,active
01KCXGG0TV0001H0Q1FW2M1CKG,01KCXGG0TX0001H0Q1FW2NN9QR,"If A is false and A OR B is true, then B is:",General Reasoning & Digital Literacy,Logic OR.,1,2025-12-20T00:00:00Z,active
01KCXGG0TV0001H0Q1FW2M1CKG,01KCXGG0TX0001H0Q1FW2NPWGR,Two-factor authentication improves security by:,General Reasoning & Digital Literacy,2FA.,1,2025-12-20T00:00:00Z,active